#
# There is insufficient memory for the Java Runtime Environment to continue.
# Native memory allocation (mmap) failed to map 31457280 bytes. Error detail: G1 virtual space
# Possible reasons:
#   The system is out of physical RAM or swap space
#   This process is running with CompressedOops enabled, and the Java Heap may be blocking the growth of the native heap
# Possible solutions:
#   Reduce memory load on the system
#   Increase physical memory or swap space
#   Check if swap backing store is full
#   Decrease Java heap size (-Xmx/-Xms)
#   Decrease number of Java threads
#   Decrease Java thread stack sizes (-Xss)
#   Set larger code cache with -XX:ReservedCodeCacheSize=
#   JVM is running with Unscaled Compressed Oops mode in which the Java heap is
#     placed in the first 4GB address space. The Java Heap base address is the
#     maximum limit for the native heap growth. Please use -XX:HeapBaseMinAddress
#     to set the Java Heap base and to place the Java Heap above 4GB virtual address.
# This output file may be truncated or incomplete.
#
#  Out of Memory Error (os_windows.cpp:3925), pid=16080, tid=13364
#
# JRE version: OpenJDK Runtime Environment (21.0.8) (build 21.0.8+-14196175-b1038.72)
# Java VM: OpenJDK 64-Bit Server VM (21.0.8+-14196175-b1038.72, mixed mode, tiered, compressed oops, compressed class ptrs, g1 gc, windows-amd64)
# No core dump will be written. Minidumps are not enabled by default on client versions of Windows
#

---------------  S U M M A R Y ------------

Command Line: --add-opens=java.base/java.lang=ALL-UNNAMED --add-opens=java.base/java.lang.invoke=ALL-UNNAMED --add-opens=java.base/java.util=ALL-UNNAMED --add-opens=java.prefs/java.util.prefs=ALL-UNNAMED --add-exports=jdk.compiler/com.sun.tools.javac.api=ALL-UNNAMED --add-exports=jdk.compiler/com.sun.tools.javac.util=ALL-UNNAMED --add-opens=java.base/java.util=ALL-UNNAMED --add-opens=java.prefs/java.util.prefs=ALL-UNNAMED --add-opens=java.base/java.nio.charset=ALL-UNNAMED --add-opens=java.base/java.net=ALL-UNNAMED --add-opens=java.base/java.util.concurrent.atomic=ALL-UNNAMED --add-opens=java.xml/javax.xml.namespace=ALL-UNNAMED -Xmx2048m -Dfile.encoding=UTF-8 -Duser.country=US -Duser.language=en -Duser.variant -javaagent:C:\Users\fchen\.gradle\wrapper\dists\gradle-8.13-bin\5xuhj0ry160q40clulazy9h7d\gradle-8.13\lib\agents\gradle-instrumentation-agent-8.13.jar org.gradle.launcher.daemon.bootstrap.GradleDaemon 8.13

Host: AMD Ryzen 5 2600 Six-Core Processor            , 12 cores, 15G,  Windows 10 , 64 bit Build 19041 (10.0.19041.5915)
Time: Mon Mar  9 21:55:47 2026 Malay Peninsula Standard Time elapsed time: 13.030139 seconds (0d 0h 0m 13s)

---------------  T H R E A D  ---------------

Current thread (0x000001e865ae28c0):  VMThread "VM Thread"          [id=13364, stack(0x000000a00b900000,0x000000a00ba00000) (1024K)]

Stack: [0x000000a00b900000,0x000000a00ba00000]
Native frames: (J=compiled Java code, j=interpreted, Vv=VM code, C=native code)
V  [jvm.dll+0x6d68d9]
V  [jvm.dll+0x866693]
V  [jvm.dll+0x868c4e]
V  [jvm.dll+0x869333]
V  [jvm.dll+0x280566]
V  [jvm.dll+0x6d3195]
V  [jvm.dll+0x6c69ea]
V  [jvm.dll+0x3586db]
V  [jvm.dll+0x360336]
V  [jvm.dll+0x3b23f6]
V  [jvm.dll+0x3b26c8]
V  [jvm.dll+0x32ae6c]
V  [jvm.dll+0x32aef7]
V  [jvm.dll+0x370d3c]
V  [jvm.dll+0x36f4ee]
V  [jvm.dll+0x32a5c1]
V  [jvm.dll+0x36ebf0]
V  [jvm.dll+0x86f0b8]
V  [jvm.dll+0x870434]
V  [jvm.dll+0x870970]
V  [jvm.dll+0x870c03]
V  [jvm.dll+0x80eac8]
V  [jvm.dll+0x6d512d]
C  [ucrtbase.dll+0x21bb2]
C  [KERNEL32.DLL+0x17374]
C  [ntdll.dll+0x4cc91]

VM_Operation (0x000000a00d3f6f90): G1CollectForAllocation, mode: safepoint, requested by thread 0x000001e86bae52d0


---------------  P R O C E S S  ---------------

Threads class SMR info:
_java_thread_list=0x000001e86d863e40, length=93, elements={
0x000001e84bbb31a0, 0x000001e865b36900, 0x000001e865b4c9b0, 0x000001e865b4d410,
0x000001e865b66f80, 0x000001e865b679e0, 0x000001e865b68a50, 0x000001e865b696c0,
0x000001e865b5d6c0, 0x000001e865b5e370, 0x000001e865e42a80, 0x000001e86ba0ee00,
0x000001e86aeb44a0, 0x000001e86b9924b0, 0x000001e86b98df80, 0x000001e86b98ee00,
0x000001e86bd1dd90, 0x000001e86bae52d0, 0x000001e86bae24e0, 0x000001e86bae4c40,
0x000001e86bae2b70, 0x000001e86bae3890, 0x000001e86bae5960, 0x000001e86bae3200,
0x000001e86bae3f20, 0x000001e86e39a2c0, 0x000001e86e39d740, 0x000001e86e39ca20,
0x000001e86e39afe0, 0x000001e86e39d0b0, 0x000001e86e39ddd0, 0x000001e86e398f10,
0x000001e86e396e40, 0x000001e86e39e460, 0x000001e86e397b60, 0x000001e86e39b670,
0x000001e86e3995a0, 0x000001e86e3981f0, 0x000001e86e399c30, 0x000001e86e39bd00,
0x000001e86e39c390, 0x000001e86e3974d0, 0x000001e86ce36fc0, 0x000001e86ce37ce0,
0x000001e86ce38370, 0x000001e86ce37650, 0x000001e86ce39720, 0x000001e86ce38a00,
0x000001e86ce39090, 0x000001e86ce362a0, 0x000001e86ce36930, 0x000001e8706cc5b0,
0x000001e8706cab70, 0x000001e8706cdff0, 0x000001e8706c97c0, 0x000001e8706c8410,
0x000001e8706cb890, 0x000001e8706c9130, 0x000001e8706cbf20, 0x000001e8706ccc40,
0x000001e8706cd2d0, 0x000001e8706cd960, 0x000001e8706ce680, 0x000001e8706ced10,
0x000001e8706c7d80, 0x000001e8706cf3a0, 0x000001e86f68e560, 0x000001e86f694140,
0x000001e86f690630, 0x000001e86f68ded0, 0x000001e86f691350, 0x000001e86f692700,
0x000001e86f693ab0, 0x000001e86f68ebf0, 0x000001e86f68f280, 0x000001e86f68f910,
0x000001e86f68ffa0, 0x000001e86f6947d0, 0x000001e86f690cc0, 0x000001e86f6919e0,
0x000001e86f692070, 0x000001e86f692d90, 0x000001e86f68d840, 0x000001e86f693420,
0x000001e86f694e60, 0x000001e86cf7e150, 0x000001e86cf7dac0, 0x000001e86cf79fb0,
0x000001e86cf7b360, 0x000001e86cf7e7e0, 0x000001e86f8e8550, 0x000001e86d5acee0,
0x000001e86a1e35f0
}

Java Threads: ( => current thread )
  0x000001e84bbb31a0 JavaThread "main"                              [_thread_blocked, id=5836, stack(0x000000a00b200000,0x000000a00b300000) (1024K)]
  0x000001e865b36900 JavaThread "Common-Cleaner"             daemon [_thread_blocked, id=5332, stack(0x000000a00ba00000,0x000000a00bb00000) (1024K)]
  0x000001e865b4c9b0 JavaThread "Reference Handler"          daemon [_thread_blocked, id=10176, stack(0x000000a00bb00000,0x000000a00bc00000) (1024K)]
  0x000001e865b4d410 JavaThread "Finalizer"                  daemon [_thread_blocked, id=2656, stack(0x000000a00bc00000,0x000000a00bd00000) (1024K)]
  0x000001e865b66f80 JavaThread "Signal Dispatcher"          daemon [_thread_blocked, id=17108, stack(0x000000a00bd00000,0x000000a00be00000) (1024K)]
  0x000001e865b679e0 JavaThread "Attach Listener"            daemon [_thread_blocked, id=16544, stack(0x000000a00be00000,0x000000a00bf00000) (1024K)]
  0x000001e865b68a50 JavaThread "Service Thread"             daemon [_thread_blocked, id=15376, stack(0x000000a00bf00000,0x000000a00c000000) (1024K)]
  0x000001e865b696c0 JavaThread "Monitor Deflation Thread"   daemon [_thread_blocked, id=10228, stack(0x000000a00c000000,0x000000a00c100000) (1024K)]
  0x000001e865b5d6c0 JavaThread "C2 CompilerThread0"         daemon [_thread_blocked, id=7516, stack(0x000000a00c100000,0x000000a00c200000) (1024K)]
  0x000001e865b5e370 JavaThread "C1 CompilerThread0"         daemon [_thread_blocked, id=3136, stack(0x000000a00c200000,0x000000a00c300000) (1024K)]
  0x000001e865e42a80 JavaThread "Notification Thread"        daemon [_thread_blocked, id=1716, stack(0x000000a00c300000,0x000000a00c400000) (1024K)]
  0x000001e86ba0ee00 JavaThread "Daemon health stats"               [_thread_blocked, id=18512, stack(0x000000a00c500000,0x000000a00c600000) (1024K)]
  0x000001e86aeb44a0 JavaThread "Incoming local TCP Connector on port 49385"        [_thread_in_native, id=15560, stack(0x000000a00c400000,0x000000a00c500000) (1024K)]
  0x000001e86b9924b0 JavaThread "Daemon periodic checks"            [_thread_blocked, id=18364, stack(0x000000a00ce00000,0x000000a00cf00000) (1024K)]
  0x000001e86b98df80 JavaThread "Daemon"                            [_thread_blocked, id=7832, stack(0x000000a00d000000,0x000000a00d100000) (1024K)]
  0x000001e86b98ee00 JavaThread "Handler for socket connection from /127.0.0.1:49385 to /127.0.0.1:49386"        [_thread_in_native, id=15188, stack(0x000000a00d100000,0x000000a00d200000) (1024K)]
  0x000001e86bd1dd90 JavaThread "Cancel handler"                    [_thread_blocked, id=2468, stack(0x000000a00d200000,0x000000a00d300000) (1024K)]
  0x000001e86bae52d0 JavaThread "Daemon worker"                     [_thread_blocked, id=2964, stack(0x000000a00d300000,0x000000a00d400000) (1024K)]
  0x000001e86bae24e0 JavaThread "Asynchronous log dispatcher for DefaultDaemonConnection: socket connection from /127.0.0.1:49385 to /127.0.0.1:49386"        [_thread_blocked, id=7252, stack(0x000000a00d400000,0x000000a00d500000) (1024K)]
  0x000001e86bae4c40 JavaThread "Stdin handler"                     [_thread_blocked, id=16356, stack(0x000000a00d500000,0x000000a00d600000) (1024K)]
  0x000001e86bae2b70 JavaThread "Daemon client event forwarder"        [_thread_blocked, id=17936, stack(0x000000a00d600000,0x000000a00d700000) (1024K)]
  0x000001e86bae3890 JavaThread "Cache worker for journal cache (C:\Users\fchen\.gradle\caches\journal-1)"        [_thread_blocked, id=13080, stack(0x000000a00cf00000,0x000000a00d000000) (1024K)]
  0x000001e86bae5960 JavaThread "File lock request listener"        [_thread_in_native, id=14208, stack(0x000000a00da00000,0x000000a00db00000) (1024K)]
  0x000001e86bae3200 JavaThread "Cache worker for file hash cache (C:\Users\fchen\.gradle\caches\8.13\fileHashes)"        [_thread_blocked, id=7000, stack(0x000000a00dc00000,0x000000a00dd00000) (1024K)]
  0x000001e86bae3f20 JavaThread "Cache worker for file hash cache (C:\Users\fchen\AndroidStudioProjects\Wearawarer\.gradle\8.13\fileHashes)"        [_thread_blocked, id=13656, stack(0x000000a00de00000,0x000000a00df00000) (1024K)]
  0x000001e86e39a2c0 JavaThread "Cache worker for Build Output Cleanup Cache (C:\Users\fchen\AndroidStudioProjects\Wearawarer\.gradle\buildOutputCleanup)"        [_thread_blocked, id=9932, stack(0x000000a00df00000,0x000000a00e000000) (1024K)]
  0x000001e86e39d740 JavaThread "File watcher server"        daemon [_thread_in_native, id=18388, stack(0x000000a00e000000,0x000000a00e100000) (1024K)]
  0x000001e86e39ca20 JavaThread "File watcher consumer"      daemon [_thread_blocked, id=7712, stack(0x000000a00e100000,0x000000a00e200000) (1024K)]
  0x000001e86e39afe0 JavaThread "jar transforms"                    [_thread_blocked, id=2896, stack(0x000000a00e200000,0x000000a00e300000) (1024K)]
  0x000001e86e39d0b0 JavaThread "jar transforms Thread 2"           [_thread_blocked, id=19376, stack(0x000000a00e300000,0x000000a00e400000) (1024K)]
  0x000001e86e39ddd0 JavaThread "Cache worker for checksums cache (C:\Users\fchen\AndroidStudioProjects\Wearawarer\.gradle\8.13\checksums)"        [_thread_blocked, id=5096, stack(0x000000a00e400000,0x000000a00e500000) (1024K)]
  0x000001e86e398f10 JavaThread "Cache worker for file content cache (C:\Users\fchen\.gradle\caches\8.13\fileContent)"        [_thread_blocked, id=15372, stack(0x000000a00db00000,0x000000a00dc00000) (1024K)]
  0x000001e86e396e40 JavaThread "jar transforms Thread 3"           [_thread_blocked, id=16428, stack(0x000000a00e600000,0x000000a00e700000) (1024K)]
  0x000001e86e39e460 JavaThread "Cache worker for cache directory md-supplier (C:\Users\fchen\.gradle\caches\8.13\md-supplier)"        [_thread_blocked, id=2884, stack(0x000000a00e700000,0x000000a00e800000) (1024K)]
  0x000001e86e397b60 JavaThread "Cache worker for cache directory md-rule (C:\Users\fchen\.gradle\caches\8.13\md-rule)"        [_thread_blocked, id=12144, stack(0x000000a00e800000,0x000000a00e900000) (1024K)]
  0x000001e86e39b670 JavaThread "Unconstrained build operations"        [_thread_blocked, id=18836, stack(0x000000a00e900000,0x000000a00ea00000) (1024K)]
  0x000001e86e3995a0 JavaThread "Unconstrained build operations Thread 2"        [_thread_blocked, id=19000, stack(0x000000a00ea00000,0x000000a00eb00000) (1024K)]
  0x000001e86e3981f0 JavaThread "Unconstrained build operations Thread 3"        [_thread_blocked, id=4808, stack(0x000000a00eb00000,0x000000a00ec00000) (1024K)]
  0x000001e86e399c30 JavaThread "Unconstrained build operations Thread 4"        [_thread_blocked, id=18076, stack(0x000000a00ec00000,0x000000a00ed00000) (1024K)]
  0x000001e86e39bd00 JavaThread "Unconstrained build operations Thread 5"        [_thread_blocked, id=1320, stack(0x000000a00ed00000,0x000000a00ee00000) (1024K)]
  0x000001e86e39c390 JavaThread "Unconstrained build operations Thread 6"        [_thread_blocked, id=2124, stack(0x000000a00ee00000,0x000000a00ef00000) (1024K)]
  0x000001e86e3974d0 JavaThread "Unconstrained build operations Thread 7"        [_thread_blocked, id=10916, stack(0x000000a00ef00000,0x000000a00f000000) (1024K)]
  0x000001e86ce36fc0 JavaThread "Unconstrained build operations Thread 8"        [_thread_blocked, id=6532, stack(0x000000a00f000000,0x000000a00f100000) (1024K)]
  0x000001e86ce37ce0 JavaThread "Unconstrained build operations Thread 9"        [_thread_blocked, id=5252, stack(0x000000a00f100000,0x000000a00f200000) (1024K)]
  0x000001e86ce38370 JavaThread "Unconstrained build operations Thread 10"        [_thread_blocked, id=18832, stack(0x000000a00f200000,0x000000a00f300000) (1024K)]
  0x000001e86ce37650 JavaThread "jar transforms Thread 4"           [_thread_blocked, id=13308, stack(0x000000a00f300000,0x000000a00f400000) (1024K)]
  0x000001e86ce39720 JavaThread "jar transforms Thread 5"           [_thread_blocked, id=13588, stack(0x000000a00f400000,0x000000a00f500000) (1024K)]
  0x000001e86ce38a00 JavaThread "Unconstrained build operations Thread 11"        [_thread_blocked, id=2868, stack(0x000000a00f500000,0x000000a00f600000) (1024K)]
  0x000001e86ce39090 JavaThread "Unconstrained build operations Thread 12"        [_thread_blocked, id=5024, stack(0x000000a00f600000,0x000000a00f700000) (1024K)]
  0x000001e86ce362a0 JavaThread "Unconstrained build operations Thread 13"        [_thread_blocked, id=15808, stack(0x000000a00f700000,0x000000a00f800000) (1024K)]
  0x000001e86ce36930 JavaThread "Unconstrained build operations Thread 14"        [_thread_blocked, id=7240, stack(0x000000a00f800000,0x000000a00f900000) (1024K)]
  0x000001e8706cc5b0 JavaThread "Unconstrained build operations Thread 15"        [_thread_blocked, id=2248, stack(0x000000a00f900000,0x000000a00fa00000) (1024K)]
  0x000001e8706cab70 JavaThread "jar transforms Thread 6"           [_thread_blocked, id=18860, stack(0x000000a00fa00000,0x000000a00fb00000) (1024K)]
  0x000001e8706cdff0 JavaThread "jar transforms Thread 7"           [_thread_blocked, id=14584, stack(0x000000a00fb00000,0x000000a00fc00000) (1024K)]
  0x000001e8706c97c0 JavaThread "jar transforms Thread 8"           [_thread_blocked, id=3140, stack(0x000000a00fc00000,0x000000a00fd00000) (1024K)]
  0x000001e8706c8410 JavaThread "Unconstrained build operations Thread 16"        [_thread_blocked, id=11484, stack(0x000000a00fd00000,0x000000a00fe00000) (1024K)]
  0x000001e8706cb890 JavaThread "Unconstrained build operations Thread 17"        [_thread_blocked, id=10704, stack(0x000000a00fe00000,0x000000a00ff00000) (1024K)]
  0x000001e8706c9130 JavaThread "Unconstrained build operations Thread 18"        [_thread_blocked, id=7548, stack(0x000000a00ff00000,0x000000a010000000) (1024K)]
  0x000001e8706cbf20 JavaThread "Unconstrained build operations Thread 19"        [_thread_blocked, id=8352, stack(0x000000a010000000,0x000000a010100000) (1024K)]
  0x000001e8706ccc40 JavaThread "Unconstrained build operations Thread 20"        [_thread_blocked, id=8656, stack(0x000000a010100000,0x000000a010200000) (1024K)]
  0x000001e8706cd2d0 JavaThread "Unconstrained build operations Thread 21"        [_thread_blocked, id=912, stack(0x000000a010200000,0x000000a010300000) (1024K)]
  0x000001e8706cd960 JavaThread "Unconstrained build operations Thread 22"        [_thread_blocked, id=19260, stack(0x000000a010300000,0x000000a010400000) (1024K)]
  0x000001e8706ce680 JavaThread "Unconstrained build operations Thread 23"        [_thread_blocked, id=16904, stack(0x000000a010400000,0x000000a010500000) (1024K)]
  0x000001e8706ced10 JavaThread "Unconstrained build operations Thread 24"        [_thread_blocked, id=11120, stack(0x000000a010500000,0x000000a010600000) (1024K)]
  0x000001e8706c7d80 JavaThread "Unconstrained build operations Thread 25"        [_thread_blocked, id=17036, stack(0x000000a010600000,0x000000a010700000) (1024K)]
  0x000001e8706cf3a0 JavaThread "Unconstrained build operations Thread 26"        [_thread_blocked, id=10040, stack(0x000000a010700000,0x000000a010800000) (1024K)]
  0x000001e86f68e560 JavaThread "Unconstrained build operations Thread 27"        [_thread_blocked, id=14724, stack(0x000000a010800000,0x000000a010900000) (1024K)]
  0x000001e86f694140 JavaThread "Unconstrained build operations Thread 28"        [_thread_blocked, id=15224, stack(0x000000a010900000,0x000000a010a00000) (1024K)]
  0x000001e86f690630 JavaThread "Unconstrained build operations Thread 29"        [_thread_blocked, id=1740, stack(0x000000a010a00000,0x000000a010b00000) (1024K)]
  0x000001e86f68ded0 JavaThread "Unconstrained build operations Thread 30"        [_thread_blocked, id=19320, stack(0x000000a010b00000,0x000000a010c00000) (1024K)]
  0x000001e86f691350 JavaThread "Unconstrained build operations Thread 31"        [_thread_blocked, id=11700, stack(0x000000a010c00000,0x000000a010d00000) (1024K)]
  0x000001e86f692700 JavaThread "Unconstrained build operations Thread 32"        [_thread_blocked, id=4720, stack(0x000000a010d00000,0x000000a010e00000) (1024K)]
  0x000001e86f693ab0 JavaThread "Unconstrained build operations Thread 33"        [_thread_blocked, id=18732, stack(0x000000a010e00000,0x000000a010f00000) (1024K)]
  0x000001e86f68ebf0 JavaThread "Unconstrained build operations Thread 34"        [_thread_blocked, id=12976, stack(0x000000a010f00000,0x000000a011000000) (1024K)]
  0x000001e86f68f280 JavaThread "Unconstrained build operations Thread 35"        [_thread_blocked, id=15048, stack(0x000000a011000000,0x000000a011100000) (1024K)]
  0x000001e86f68f910 JavaThread "Unconstrained build operations Thread 36"        [_thread_blocked, id=9748, stack(0x000000a011100000,0x000000a011200000) (1024K)]
  0x000001e86f68ffa0 JavaThread "Unconstrained build operations Thread 37"        [_thread_blocked, id=19324, stack(0x000000a011200000,0x000000a011300000) (1024K)]
  0x000001e86f6947d0 JavaThread "Unconstrained build operations Thread 38"        [_thread_blocked, id=8628, stack(0x000000a011300000,0x000000a011400000) (1024K)]
  0x000001e86f690cc0 JavaThread "Unconstrained build operations Thread 39"        [_thread_blocked, id=15836, stack(0x000000a011400000,0x000000a011500000) (1024K)]
  0x000001e86f6919e0 JavaThread "Unconstrained build operations Thread 40"        [_thread_blocked, id=13132, stack(0x000000a011500000,0x000000a011600000) (1024K)]
  0x000001e86f692070 JavaThread "Unconstrained build operations Thread 41"        [_thread_blocked, id=528, stack(0x000000a011600000,0x000000a011700000) (1024K)]
  0x000001e86f692d90 JavaThread "Unconstrained build operations Thread 42"        [_thread_blocked, id=15664, stack(0x000000a011700000,0x000000a011800000) (1024K)]
  0x000001e86f68d840 JavaThread "Unconstrained build operations Thread 43"        [_thread_blocked, id=9376, stack(0x000000a011800000,0x000000a011900000) (1024K)]
  0x000001e86f693420 JavaThread "Unconstrained build operations Thread 44"        [_thread_blocked, id=17120, stack(0x000000a011900000,0x000000a011a00000) (1024K)]
  0x000001e86f694e60 JavaThread "Unconstrained build operations Thread 45"        [_thread_blocked, id=14220, stack(0x000000a011a00000,0x000000a011b00000) (1024K)]
  0x000001e86cf7e150 JavaThread "Unconstrained build operations Thread 46"        [_thread_blocked, id=13652, stack(0x000000a011b00000,0x000000a011c00000) (1024K)]
  0x000001e86cf7dac0 JavaThread "Unconstrained build operations Thread 47"        [_thread_blocked, id=3116, stack(0x000000a011c00000,0x000000a011d00000) (1024K)]
  0x000001e86cf79fb0 JavaThread "Unconstrained build operations Thread 48"        [_thread_blocked, id=15116, stack(0x000000a011d00000,0x000000a011e00000) (1024K)]
  0x000001e86cf7b360 JavaThread "build event listener"              [_thread_blocked, id=17580, stack(0x000000a00e500000,0x000000a00e600000) (1024K)]
  0x000001e86cf7e7e0 JavaThread "Memory manager"                    [_thread_blocked, id=15264, stack(0x000000a011e00000,0x000000a011f00000) (1024K)]
  0x000001e86f8e8550 JavaThread "C2 CompilerThread1"         daemon [_thread_blocked, id=9096, stack(0x000000a00dd00000,0x000000a00de00000) (1024K)]
  0x000001e86d5acee0 JavaThread "build event listener"              [_thread_blocked, id=5660, stack(0x000000a012000000,0x000000a012100000) (1024K)]
  0x000001e86a1e35f0 JavaThread "C2 CompilerThread2"         daemon [_thread_blocked, id=17964, stack(0x000000a011f00000,0x000000a012000000) (1024K)]
Total: 93

Other Threads:
=>0x000001e865ae28c0 VMThread "VM Thread"                           [id=13364, stack(0x000000a00b900000,0x000000a00ba00000) (1024K)]
  0x000001e8659347f0 WatcherThread "VM Periodic Task Thread"        [id=14804, stack(0x000000a00b800000,0x000000a00b900000) (1024K)]
  0x000001e84de49d80 WorkerThread "GC Thread#0"                     [id=7032, stack(0x000000a00b300000,0x000000a00b400000) (1024K)]
  0x000001e86a5d24b0 WorkerThread "GC Thread#1"                     [id=5336, stack(0x000000a00c600000,0x000000a00c700000) (1024K)]
  0x000001e86a3b1970 WorkerThread "GC Thread#2"                     [id=11524, stack(0x000000a00c700000,0x000000a00c800000) (1024K)]
  0x000001e86a51b440 WorkerThread "GC Thread#3"                     [id=5864, stack(0x000000a00c800000,0x000000a00c900000) (1024K)]
  0x000001e86a51b7e0 WorkerThread "GC Thread#4"                     [id=4936, stack(0x000000a00c900000,0x000000a00ca00000) (1024K)]
  0x000001e86a5385d0 WorkerThread "GC Thread#5"                     [id=17872, stack(0x000000a00ca00000,0x000000a00cb00000) (1024K)]
  0x000001e86b8ca150 WorkerThread "GC Thread#6"                     [id=5884, stack(0x000000a00cb00000,0x000000a00cc00000) (1024K)]
  0x000001e86b872040 WorkerThread "GC Thread#7"                     [id=1532, stack(0x000000a00cc00000,0x000000a00cd00000) (1024K)]
  0x000001e86b9a9500 WorkerThread "GC Thread#8"                     [id=8292, stack(0x000000a00cd00000,0x000000a00ce00000) (1024K)]
  0x000001e86b9a98a0 WorkerThread "GC Thread#9"                     [id=2980, stack(0x000000a00d700000,0x000000a00d800000) (1024K)]
  0x000001e84de5ab10 ConcurrentGCThread "G1 Main Marker"            [id=14204, stack(0x000000a00b400000,0x000000a00b500000) (1024K)]
  0x000001e84de5b3c0 WorkerThread "G1 Conc#0"                       [id=15228, stack(0x000000a00b500000,0x000000a00b600000) (1024K)]
  0x000001e86b9a9fe0 WorkerThread "G1 Conc#1"                       [id=6600, stack(0x000000a00d800000,0x000000a00d900000) (1024K)]
  0x000001e86b9aa380 WorkerThread "G1 Conc#2"                       [id=1256, stack(0x000000a00d900000,0x000000a00da00000) (1024K)]
  0x000001e8658082c0 ConcurrentGCThread "G1 Refine#0"               [id=14668, stack(0x000000a00b600000,0x000000a00b700000) (1024K)]
  0x000001e865808ae0 ConcurrentGCThread "G1 Service"                [id=4040, stack(0x000000a00b700000,0x000000a00b800000) (1024K)]
Total: 18

Threads with active compile tasks:
Total: 0

VM state: at safepoint (normal execution)

VM Mutex/Monitor currently owned by a thread:  ([mutex/lock_event])
[0x00007ffbc5c585b8] Threads_lock - owner thread: 0x000001e865ae28c0
[0x00007ffbc5c586b8] Heap_lock - owner thread: 0x000001e86bae52d0

Heap address: 0x0000000080000000, size: 2048 MB, Compressed Oops mode: 32-bit

CDS archive(s) not mapped
Compressed class space mapped at: 0x0000000100000000-0x0000000140000000, reserved size: 1073741824
Narrow klass base: 0x0000000000000000, Narrow klass shift: 3, Narrow klass range: 0x140000000

GC Precious Log:
 CardTable entry size: 512
 Card Set container configuration: InlinePtr #cards 5 size 8 Array Of Cards #cards 12 size 40 Howl #buckets 4 coarsen threshold 1843 Howl Bitmap #cards 512 size 80 coarsen threshold 460 Card regions per heap region 1 cards per card region 2048
 CPUs: 12 total, 12 available
 Memory: 16309M
 Large Page Support: Disabled
 NUMA Support: Disabled
 Compressed Oops: Enabled (32-bit)
 Heap Region Size: 1M
 Heap Min Capacity: 8M
 Heap Initial Capacity: 256M
 Heap Max Capacity: 2G
 Pre-touch: Disabled
 Parallel Workers: 10
 Concurrent Workers: 3
 Concurrent Refinement Workers: 10
 Periodic GC: Disabled

Heap:
 garbage-first heap   total 152576K, used 100880K [0x0000000080000000, 0x0000000100000000)
  region size 1024K, 4 young (4096K), 4 survivors (4096K)
 Metaspace       used 96917K, committed 98944K, reserved 1179648K
  class space    used 13487K, committed 14528K, reserved 1048576K

Heap Regions: E=young(eden), S=young(survivor), O=old, HS=humongous(starts), HC=humongous(continues), CS=collection set, F=free, TAMS=top-at-mark-start, PB=parsable bottom
|   0|0x0000000080000000, 0x0000000080100000, 0x0000000080100000|100%|HS|  |TAMS 0x0000000080100000| PB 0x0000000080000000| Complete 
|   1|0x0000000080100000, 0x0000000080200000, 0x0000000080200000|100%|HC|  |TAMS 0x0000000080200000| PB 0x0000000080100000| Complete 
|   2|0x0000000080200000, 0x0000000080300000, 0x0000000080300000|100%|HC|  |TAMS 0x0000000080300000| PB 0x0000000080200000| Complete 
|   3|0x0000000080300000, 0x0000000080400000, 0x0000000080400000|100%| O|  |TAMS 0x0000000080400000| PB 0x0000000080300000| Untracked 
|   4|0x0000000080400000, 0x0000000080500000, 0x0000000080500000|100%| O|  |TAMS 0x0000000080500000| PB 0x0000000080400000| Untracked 
|   5|0x0000000080500000, 0x0000000080600000, 0x0000000080600000|100%| O|  |TAMS 0x0000000080600000| PB 0x0000000080500000| Untracked 
|   6|0x0000000080600000, 0x0000000080700000, 0x0000000080700000|100%|HS|  |TAMS 0x0000000080700000| PB 0x0000000080600000| Complete 
|   7|0x0000000080700000, 0x0000000080800000, 0x0000000080800000|100%| O|  |TAMS 0x0000000080800000| PB 0x0000000080700000| Untracked 
|   8|0x0000000080800000, 0x0000000080900000, 0x0000000080900000|100%| O|  |TAMS 0x0000000080900000| PB 0x0000000080800000| Untracked 
|   9|0x0000000080900000, 0x0000000080a00000, 0x0000000080a00000|100%| O|  |TAMS 0x0000000080a00000| PB 0x0000000080900000| Untracked 
|  10|0x0000000080a00000, 0x0000000080b00000, 0x0000000080b00000|100%| O|  |TAMS 0x0000000080b00000| PB 0x0000000080a00000| Untracked 
|  11|0x0000000080b00000, 0x0000000080c00000, 0x0000000080c00000|100%| O|  |TAMS 0x0000000080c00000| PB 0x0000000080b00000| Untracked 
|  12|0x0000000080c00000, 0x0000000080d00000, 0x0000000080d00000|100%| O|  |TAMS 0x0000000080d00000| PB 0x0000000080c00000| Untracked 
|  13|0x0000000080d00000, 0x0000000080e00000, 0x0000000080e00000|100%| O|  |TAMS 0x0000000080e00000| PB 0x0000000080d00000| Untracked 
|  14|0x0000000080e00000, 0x0000000080f00000, 0x0000000080f00000|100%| O|  |TAMS 0x0000000080f00000| PB 0x0000000080e00000| Untracked 
|  15|0x0000000080f00000, 0x0000000081000000, 0x0000000081000000|100%| O|  |TAMS 0x0000000081000000| PB 0x0000000080f00000| Untracked 
|  16|0x0000000081000000, 0x0000000081100000, 0x0000000081100000|100%| O|  |TAMS 0x0000000081100000| PB 0x0000000081000000| Untracked 
|  17|0x0000000081100000, 0x0000000081200000, 0x0000000081200000|100%| O|  |TAMS 0x0000000081200000| PB 0x0000000081100000| Untracked 
|  18|0x0000000081200000, 0x0000000081300000, 0x0000000081300000|100%| O|  |TAMS 0x0000000081300000| PB 0x0000000081200000| Untracked 
|  19|0x0000000081300000, 0x0000000081400000, 0x0000000081400000|100%| O|  |TAMS 0x0000000081400000| PB 0x0000000081300000| Untracked 
|  20|0x0000000081400000, 0x0000000081500000, 0x0000000081500000|100%| O|  |TAMS 0x0000000081500000| PB 0x0000000081400000| Untracked 
|  21|0x0000000081500000, 0x0000000081600000, 0x0000000081600000|100%| O|  |TAMS 0x0000000081600000| PB 0x0000000081500000| Untracked 
|  22|0x0000000081600000, 0x0000000081700000, 0x0000000081700000|100%| O|  |TAMS 0x0000000081700000| PB 0x0000000081600000| Untracked 
|  23|0x0000000081700000, 0x0000000081800000, 0x0000000081800000|100%| O|  |TAMS 0x0000000081800000| PB 0x0000000081700000| Untracked 
|  24|0x0000000081800000, 0x0000000081900000, 0x0000000081900000|100%| O|  |TAMS 0x0000000081900000| PB 0x0000000081800000| Untracked 
|  25|0x0000000081900000, 0x0000000081a00000, 0x0000000081a00000|100%| O|  |TAMS 0x0000000081a00000| PB 0x0000000081900000| Untracked 
|  26|0x0000000081a00000, 0x0000000081b00000, 0x0000000081b00000|100%| O|  |TAMS 0x0000000081b00000| PB 0x0000000081a00000| Untracked 
|  27|0x0000000081b00000, 0x0000000081c00000, 0x0000000081c00000|100%| O|  |TAMS 0x0000000081c00000| PB 0x0000000081b00000| Untracked 
|  28|0x0000000081c00000, 0x0000000081d00000, 0x0000000081d00000|100%| O|  |TAMS 0x0000000081d00000| PB 0x0000000081c00000| Untracked 
|  29|0x0000000081d00000, 0x0000000081e00000, 0x0000000081e00000|100%| O|  |TAMS 0x0000000081e00000| PB 0x0000000081d00000| Untracked 
|  30|0x0000000081e00000, 0x0000000081f00000, 0x0000000081f00000|100%| O|  |TAMS 0x0000000081f00000| PB 0x0000000081e00000| Untracked 
|  31|0x0000000081f00000, 0x0000000082000000, 0x0000000082000000|100%| O|  |TAMS 0x0000000082000000| PB 0x0000000081f00000| Untracked 
|  32|0x0000000082000000, 0x0000000082100000, 0x0000000082100000|100%| O|  |TAMS 0x0000000082100000| PB 0x0000000082000000| Untracked 
|  33|0x0000000082100000, 0x0000000082200000, 0x0000000082200000|100%| O|  |TAMS 0x0000000082200000| PB 0x0000000082100000| Untracked 
|  34|0x0000000082200000, 0x0000000082300000, 0x0000000082300000|100%| O|  |TAMS 0x0000000082300000| PB 0x0000000082200000| Untracked 
|  35|0x0000000082300000, 0x0000000082400000, 0x0000000082400000|100%|HS|  |TAMS 0x0000000082400000| PB 0x0000000082300000| Complete 
|  36|0x0000000082400000, 0x0000000082500000, 0x0000000082500000|100%|HC|  |TAMS 0x0000000082500000| PB 0x0000000082400000| Complete 
|  37|0x0000000082500000, 0x0000000082600000, 0x0000000082600000|100%| O|  |TAMS 0x0000000082600000| PB 0x0000000082500000| Untracked 
|  38|0x0000000082600000, 0x0000000082700000, 0x0000000082700000|100%| O|  |TAMS 0x0000000082700000| PB 0x0000000082600000| Untracked 
|  39|0x0000000082700000, 0x0000000082800000, 0x0000000082800000|100%| O|  |TAMS 0x0000000082700000| PB 0x0000000082700000| Untracked 
|  40|0x0000000082800000, 0x0000000082900000, 0x0000000082900000|100%| O|  |TAMS 0x0000000082900000| PB 0x0000000082800000| Untracked 
|  41|0x0000000082900000, 0x0000000082a00000, 0x0000000082a00000|100%| O|  |TAMS 0x0000000082a00000| PB 0x0000000082900000| Untracked 
|  42|0x0000000082a00000, 0x0000000082b00000, 0x0000000082b00000|100%| O|  |TAMS 0x0000000082b00000| PB 0x0000000082a00000| Untracked 
|  43|0x0000000082b00000, 0x0000000082c00000, 0x0000000082c00000|100%| O|  |TAMS 0x0000000082c00000| PB 0x0000000082b00000| Untracked 
|  44|0x0000000082c00000, 0x0000000082d00000, 0x0000000082d00000|100%| O|  |TAMS 0x0000000082d00000| PB 0x0000000082c00000| Untracked 
|  45|0x0000000082d00000, 0x0000000082e00000, 0x0000000082e00000|100%| O|  |TAMS 0x0000000082e00000| PB 0x0000000082d00000| Untracked 
|  46|0x0000000082e00000, 0x0000000082f00000, 0x0000000082f00000|100%| O|  |TAMS 0x0000000082f00000| PB 0x0000000082e00000| Untracked 
|  47|0x0000000082f00000, 0x0000000083000000, 0x0000000083000000|100%| O|  |TAMS 0x0000000083000000| PB 0x0000000082f00000| Untracked 
|  48|0x0000000083000000, 0x0000000083100000, 0x0000000083100000|100%| O|  |TAMS 0x0000000083100000| PB 0x0000000083000000| Untracked 
|  49|0x0000000083100000, 0x0000000083200000, 0x0000000083200000|100%| O|  |TAMS 0x0000000083200000| PB 0x0000000083100000| Untracked 
|  50|0x0000000083200000, 0x0000000083300000, 0x0000000083300000|100%| O|  |TAMS 0x0000000083300000| PB 0x0000000083200000| Untracked 
|  51|0x0000000083300000, 0x0000000083400000, 0x0000000083400000|100%| O|  |TAMS 0x0000000083400000| PB 0x0000000083300000| Untracked 
|  52|0x0000000083400000, 0x0000000083500000, 0x0000000083500000|100%| O|  |TAMS 0x0000000083500000| PB 0x0000000083400000| Untracked 
|  53|0x0000000083500000, 0x0000000083600000, 0x0000000083600000|100%| O|  |TAMS 0x0000000083600000| PB 0x0000000083500000| Untracked 
|  54|0x0000000083600000, 0x0000000083700000, 0x0000000083700000|100%| O|  |TAMS 0x0000000083600000| PB 0x0000000083600000| Untracked 
|  55|0x0000000083700000, 0x0000000083800000, 0x0000000083800000|100%|HS|  |TAMS 0x0000000083800000| PB 0x0000000083700000| Complete 
|  56|0x0000000083800000, 0x0000000083900000, 0x0000000083900000|100%|HS|  |TAMS 0x0000000083900000| PB 0x0000000083800000| Complete 
|  57|0x0000000083900000, 0x0000000083a00000, 0x0000000083a00000|100%|HS|  |TAMS 0x0000000083a00000| PB 0x0000000083900000| Complete 
|  58|0x0000000083a00000, 0x0000000083b00000, 0x0000000083b00000|100%|HC|  |TAMS 0x0000000083b00000| PB 0x0000000083a00000| Complete 
|  59|0x0000000083b00000, 0x0000000083c00000, 0x0000000083c00000|100%|HS|  |TAMS 0x0000000083c00000| PB 0x0000000083b00000| Complete 
|  60|0x0000000083c00000, 0x0000000083d00000, 0x0000000083d00000|100%|HC|  |TAMS 0x0000000083d00000| PB 0x0000000083c00000| Complete 
|  61|0x0000000083d00000, 0x0000000083e00000, 0x0000000083e00000|100%|HS|  |TAMS 0x0000000083e00000| PB 0x0000000083d00000| Complete 
|  62|0x0000000083e00000, 0x0000000083f00000, 0x0000000083f00000|100%|HC|  |TAMS 0x0000000083f00000| PB 0x0000000083e00000| Complete 
|  63|0x0000000083f00000, 0x0000000084000000, 0x0000000084000000|100%|HC|  |TAMS 0x0000000084000000| PB 0x0000000083f00000| Complete 
|  64|0x0000000084000000, 0x0000000084100000, 0x0000000084100000|100%|HS|  |TAMS 0x0000000084100000| PB 0x0000000084000000| Complete 
|  65|0x0000000084100000, 0x0000000084200000, 0x0000000084200000|100%|HS|  |TAMS 0x0000000084200000| PB 0x0000000084100000| Complete 
|  66|0x0000000084200000, 0x0000000084300000, 0x0000000084300000|100%| O|  |TAMS 0x0000000084300000| PB 0x0000000084200000| Untracked 
|  67|0x0000000084300000, 0x0000000084400000, 0x0000000084400000|100%|HS|  |TAMS 0x0000000084400000| PB 0x0000000084300000| Complete 
|  68|0x0000000084400000, 0x0000000084500000, 0x0000000084500000|100%|HS|  |TAMS 0x0000000084500000| PB 0x0000000084400000| Complete 
|  69|0x0000000084500000, 0x0000000084600000, 0x0000000084600000|100%| O|  |TAMS 0x0000000084600000| PB 0x0000000084500000| Untracked 
|  70|0x0000000084600000, 0x0000000084700000, 0x0000000084700000|100%| O|  |TAMS 0x0000000084700000| PB 0x0000000084600000| Untracked 
|  71|0x0000000084700000, 0x0000000084800000, 0x0000000084800000|100%| O|  |TAMS 0x0000000084800000| PB 0x0000000084700000| Untracked 
|  72|0x0000000084800000, 0x0000000084900000, 0x0000000084900000|100%| O|  |TAMS 0x0000000084900000| PB 0x0000000084800000| Untracked 
|  73|0x0000000084900000, 0x0000000084a00000, 0x0000000084a00000|100%| O|  |TAMS 0x0000000084a00000| PB 0x0000000084900000| Untracked 
|  74|0x0000000084a00000, 0x0000000084b00000, 0x0000000084b00000|100%| O|  |TAMS 0x0000000084b00000| PB 0x0000000084a00000| Untracked 
|  75|0x0000000084b00000, 0x0000000084c00000, 0x0000000084c00000|100%| O|  |TAMS 0x0000000084b00000| PB 0x0000000084b00000| Untracked 
|  76|0x0000000084c00000, 0x0000000084d00000, 0x0000000084d00000|100%| O|  |TAMS 0x0000000084d00000| PB 0x0000000084c00000| Untracked 
|  77|0x0000000084d00000, 0x0000000084e00000, 0x0000000084e00000|100%|HS|  |TAMS 0x0000000084e00000| PB 0x0000000084d00000| Complete 
|  78|0x0000000084e00000, 0x0000000084f00000, 0x0000000084f00000|100%| O|  |TAMS 0x0000000084f00000| PB 0x0000000084e00000| Untracked 
|  79|0x0000000084f00000, 0x0000000085000000, 0x0000000085000000|100%| O|  |TAMS 0x0000000085000000| PB 0x0000000084f00000| Untracked 
|  80|0x0000000085000000, 0x0000000085100000, 0x0000000085100000|100%| O|  |TAMS 0x0000000085100000| PB 0x0000000085000000| Untracked 
|  81|0x0000000085100000, 0x0000000085200000, 0x0000000085200000|100%|HS|  |TAMS 0x0000000085200000| PB 0x0000000085100000| Complete 
|  82|0x0000000085200000, 0x0000000085300000, 0x0000000085300000|100%|HC|  |TAMS 0x0000000085300000| PB 0x0000000085200000| Complete 
|  83|0x0000000085300000, 0x0000000085400000, 0x0000000085400000|100%|HC|  |TAMS 0x0000000085400000| PB 0x0000000085300000| Complete 
|  84|0x0000000085400000, 0x0000000085500000, 0x0000000085500000|100%| O|  |TAMS 0x0000000085500000| PB 0x0000000085400000| Untracked 
|  85|0x0000000085500000, 0x0000000085600000, 0x0000000085600000|100%| O|  |TAMS 0x0000000085600000| PB 0x0000000085500000| Untracked 
|  86|0x0000000085600000, 0x0000000085700000, 0x0000000085700000|100%| O|  |TAMS 0x0000000085700000| PB 0x0000000085600000| Untracked 
|  87|0x0000000085700000, 0x0000000085800000, 0x0000000085800000|100%| O|  |TAMS 0x0000000085800000| PB 0x0000000085700000| Untracked 
|  88|0x0000000085800000, 0x0000000085900000, 0x0000000085900000|100%| O|  |TAMS 0x0000000085900000| PB 0x0000000085800000| Untracked 
|  89|0x0000000085900000, 0x0000000085a00000, 0x0000000085a00000|100%| O|  |TAMS 0x0000000085974528| PB 0x0000000085900000| Untracked 
|  90|0x0000000085a00000, 0x0000000085aa5d70, 0x0000000085b00000| 64%| O|  |TAMS 0x0000000085a00000| PB 0x0000000085a00000| Untracked 
|  91|0x0000000085b00000, 0x0000000085b00000, 0x0000000085c00000|  0%| F|  |TAMS 0x0000000085b00000| PB 0x0000000085b00000| Untracked 
|  92|0x0000000085c00000, 0x0000000085c00000, 0x0000000085d00000|  0%| F|  |TAMS 0x0000000085c00000| PB 0x0000000085c00000| Untracked 
|  93|0x0000000085d00000, 0x0000000085d00000, 0x0000000085e00000|  0%| F|  |TAMS 0x0000000085d00000| PB 0x0000000085d00000| Untracked 
|  94|0x0000000085e00000, 0x0000000085e00000, 0x0000000085f00000|  0%| F|  |TAMS 0x0000000085e00000| PB 0x0000000085e00000| Untracked 
|  95|0x0000000085f00000, 0x0000000085f00000, 0x0000000086000000|  0%| F|  |TAMS 0x0000000085f00000| PB 0x0000000085f00000| Untracked 
|  96|0x0000000086000000, 0x0000000086000000, 0x0000000086100000|  0%| F|  |TAMS 0x0000000086000000| PB 0x0000000086000000| Untracked 
|  97|0x0000000086100000, 0x0000000086100000, 0x0000000086200000|  0%| F|  |TAMS 0x0000000086100000| PB 0x0000000086100000| Untracked 
|  98|0x0000000086200000, 0x0000000086200000, 0x0000000086300000|  0%| F|  |TAMS 0x0000000086200000| PB 0x0000000086200000| Untracked 
|  99|0x0000000086300000, 0x0000000086300000, 0x0000000086400000|  0%| F|  |TAMS 0x0000000086300000| PB 0x0000000086300000| Untracked 
| 100|0x0000000086400000, 0x0000000086400000, 0x0000000086500000|  0%| F|  |TAMS 0x0000000086400000| PB 0x0000000086400000| Untracked 
| 101|0x0000000086500000, 0x0000000086500000, 0x0000000086600000|  0%| F|  |TAMS 0x0000000086500000| PB 0x0000000086500000| Untracked 
| 102|0x0000000086600000, 0x0000000086600000, 0x0000000086700000|  0%| F|  |TAMS 0x0000000086600000| PB 0x0000000086600000| Untracked 
| 103|0x0000000086700000, 0x00000000867de3f0, 0x0000000086800000| 86%| S|CS|TAMS 0x0000000086700000| PB 0x0000000086700000| Complete 
| 104|0x0000000086800000, 0x0000000086900000, 0x0000000086900000|100%| S|CS|TAMS 0x0000000086800000| PB 0x0000000086800000| Complete 
| 105|0x0000000086900000, 0x0000000086a00000, 0x0000000086a00000|100%| S|CS|TAMS 0x0000000086900000| PB 0x0000000086900000| Complete 
| 106|0x0000000086a00000, 0x0000000086b00000, 0x0000000086b00000|100%| S|CS|TAMS 0x0000000086a00000| PB 0x0000000086a00000| Complete 
| 107|0x0000000086b00000, 0x0000000086b00000, 0x0000000086c00000|  0%| F|  |TAMS 0x0000000086b00000| PB 0x0000000086b00000| Untracked 
| 108|0x0000000086c00000, 0x0000000086c00000, 0x0000000086d00000|  0%| F|  |TAMS 0x0000000086c00000| PB 0x0000000086c00000| Untracked 
| 109|0x0000000086d00000, 0x0000000086d00000, 0x0000000086e00000|  0%| F|  |TAMS 0x0000000086d00000| PB 0x0000000086d00000| Untracked 
| 110|0x0000000086e00000, 0x0000000086e00000, 0x0000000086f00000|  0%| F|  |TAMS 0x0000000086e00000| PB 0x0000000086e00000| Untracked 
| 111|0x0000000086f00000, 0x0000000086f00000, 0x0000000087000000|  0%| F|  |TAMS 0x0000000086f00000| PB 0x0000000086f00000| Untracked 
| 112|0x0000000087000000, 0x0000000087000000, 0x0000000087100000|  0%| F|  |TAMS 0x0000000087000000| PB 0x0000000087000000| Untracked 
| 113|0x0000000087100000, 0x0000000087100000, 0x0000000087200000|  0%| F|  |TAMS 0x0000000087100000| PB 0x0000000087100000| Untracked 
| 114|0x0000000087200000, 0x0000000087200000, 0x0000000087300000|  0%| F|  |TAMS 0x0000000087200000| PB 0x0000000087200000| Untracked 
| 115|0x0000000087300000, 0x0000000087300000, 0x0000000087400000|  0%| F|  |TAMS 0x0000000087300000| PB 0x0000000087300000| Untracked 
| 116|0x0000000087400000, 0x0000000087400000, 0x0000000087500000|  0%| F|  |TAMS 0x0000000087400000| PB 0x0000000087400000| Untracked 
| 117|0x0000000087500000, 0x0000000087500000, 0x0000000087600000|  0%| F|  |TAMS 0x0000000087500000| PB 0x0000000087500000| Untracked 
| 118|0x0000000087600000, 0x0000000087600000, 0x0000000087700000|  0%| F|  |TAMS 0x0000000087600000| PB 0x0000000087600000| Untracked 
| 119|0x0000000087700000, 0x0000000087700000, 0x0000000087800000|  0%| F|  |TAMS 0x0000000087700000| PB 0x0000000087700000| Untracked 
| 120|0x0000000087800000, 0x0000000087800000, 0x0000000087900000|  0%| F|  |TAMS 0x0000000087800000| PB 0x0000000087800000| Untracked 
| 121|0x0000000087900000, 0x0000000087900000, 0x0000000087a00000|  0%| F|  |TAMS 0x0000000087900000| PB 0x0000000087900000| Untracked 
| 122|0x0000000087a00000, 0x0000000087a00000, 0x0000000087b00000|  0%| F|  |TAMS 0x0000000087a00000| PB 0x0000000087a00000| Untracked 
| 123|0x0000000087b00000, 0x0000000087b00000, 0x0000000087c00000|  0%| F|  |TAMS 0x0000000087b00000| PB 0x0000000087b00000| Untracked 
| 124|0x0000000087c00000, 0x0000000087c00000, 0x0000000087d00000|  0%| F|  |TAMS 0x0000000087c00000| PB 0x0000000087c00000| Untracked 
| 125|0x0000000087d00000, 0x0000000087d00000, 0x0000000087e00000|  0%| F|  |TAMS 0x0000000087d00000| PB 0x0000000087d00000| Untracked 
| 126|0x0000000087e00000, 0x0000000087e00000, 0x0000000087f00000|  0%| F|  |TAMS 0x0000000087e00000| PB 0x0000000087e00000| Untracked 
| 127|0x0000000087f00000, 0x0000000087f00000, 0x0000000088000000|  0%| F|  |TAMS 0x0000000087f00000| PB 0x0000000087f00000| Untracked 
| 128|0x0000000088000000, 0x0000000088000000, 0x0000000088100000|  0%| F|  |TAMS 0x0000000088000000| PB 0x0000000088000000| Untracked 
| 129|0x0000000088100000, 0x0000000088100000, 0x0000000088200000|  0%| F|  |TAMS 0x0000000088100000| PB 0x0000000088100000| Untracked 
| 130|0x0000000088200000, 0x0000000088200000, 0x0000000088300000|  0%| F|  |TAMS 0x0000000088200000| PB 0x0000000088200000| Untracked 
| 131|0x0000000088300000, 0x0000000088300000, 0x0000000088400000|  0%| F|  |TAMS 0x0000000088300000| PB 0x0000000088300000| Untracked 
| 132|0x0000000088400000, 0x0000000088400000, 0x0000000088500000|  0%| F|  |TAMS 0x0000000088400000| PB 0x0000000088400000| Untracked 
| 226|0x000000008e200000, 0x000000008e200000, 0x000000008e300000|  0%| F|  |TAMS 0x000000008e200000| PB 0x000000008e200000| Untracked 
| 227|0x000000008e300000, 0x000000008e300000, 0x000000008e400000|  0%| F|  |TAMS 0x000000008e300000| PB 0x000000008e300000| Untracked 
| 228|0x000000008e400000, 0x000000008e400000, 0x000000008e500000|  0%| F|  |TAMS 0x000000008e400000| PB 0x000000008e400000| Untracked 
| 229|0x000000008e500000, 0x000000008e500000, 0x000000008e600000|  0%| F|  |TAMS 0x000000008e500000| PB 0x000000008e500000| Untracked 
| 230|0x000000008e600000, 0x000000008e600000, 0x000000008e700000|  0%| F|  |TAMS 0x000000008e600000| PB 0x000000008e600000| Untracked 
| 231|0x000000008e700000, 0x000000008e700000, 0x000000008e800000|  0%| F|  |TAMS 0x000000008e700000| PB 0x000000008e700000| Untracked 
| 232|0x000000008e800000, 0x000000008e800000, 0x000000008e900000|  0%| F|  |TAMS 0x000000008e800000| PB 0x000000008e800000| Untracked 
| 233|0x000000008e900000, 0x000000008e900000, 0x000000008ea00000|  0%| F|  |TAMS 0x000000008e900000| PB 0x000000008e900000| Untracked 
| 234|0x000000008ea00000, 0x000000008ea00000, 0x000000008eb00000|  0%| F|  |TAMS 0x000000008ea00000| PB 0x000000008ea00000| Untracked 
| 255|0x000000008ff00000, 0x000000008ff00000, 0x0000000090000000|  0%| F|  |TAMS 0x000000008ff00000| PB 0x000000008ff00000| Untracked 
|2042|0x00000000ffa00000, 0x00000000ffb00000, 0x00000000ffb00000|100%| O|  |TAMS 0x00000000ffb00000| PB 0x00000000ffa00000| Untracked 
|2043|0x00000000ffb00000, 0x00000000ffb00000, 0x00000000ffc00000|  0%| F|  |TAMS 0x00000000ffb00000| PB 0x00000000ffb00000| Untracked 
|2044|0x00000000ffc00000, 0x00000000ffd00000, 0x00000000ffd00000|100%| O|  |TAMS 0x00000000ffd00000| PB 0x00000000ffc00000| Untracked 
|2045|0x00000000ffd00000, 0x00000000ffe00000, 0x00000000ffe00000|100%| O|  |TAMS 0x00000000ffe00000| PB 0x00000000ffd00000| Untracked 
|2046|0x00000000ffe00000, 0x00000000fff00000, 0x00000000fff00000|100%| O|  |TAMS 0x00000000fff00000| PB 0x00000000ffe00000| Untracked 
|2047|0x00000000fff00000, 0x00000000fff00000, 0x0000000100000000|  0%| F|  |TAMS 0x00000000fff00000| PB 0x00000000fff00000| Untracked 

Card table byte_map: [0x000001e8608a0000,0x000001e860ca0000] _byte_map_base: 0x000001e8604a0000

Marking Bits: (CMBitMap*) 0x000001e84de4a230
 Bits: [0x000001e860ca0000, 0x000001e862ca0000)

Polling page: 0x000001e84d5c0000

Metaspace:

Usage:
  Non-class:     81.47 MB used.
      Class:     13.17 MB used.
       Both:     94.65 MB used.

Virtual space:
  Non-class space:      128.00 MB reserved,      82.44 MB ( 64%) committed,  2 nodes.
      Class space:        1.00 GB reserved,      14.19 MB (  1%) committed,  1 nodes.
             Both:        1.12 GB reserved,      96.62 MB (  8%) committed. 

Chunk freelists:
   Non-Class:  13.50 MB
       Class:  1.73 MB
        Both:  15.23 MB

MaxMetaspaceSize: unlimited
CompressedClassSpaceSize: 1.00 GB
Initial GC threshold: 21.00 MB
Current GC threshold: 150.31 MB
CDS: off
 - commit_granule_bytes: 65536.
 - commit_granule_words: 8192.
 - virtual_space_node_default_size: 8388608.
 - enlarge_chunks_in_place: 1.
 - use_allocation_guard: 0.


Internal statistics:

num_allocs_failed_limit: 6.
num_arena_births: 3846.
num_arena_deaths: 0.
num_vsnodes_births: 3.
num_vsnodes_deaths: 0.
num_space_committed: 1546.
num_space_uncommitted: 0.
num_chunks_returned_to_freelist: 6.
num_chunks_taken_from_freelist: 7960.
num_chunk_merges: 6.
num_chunk_splits: 5149.
num_chunks_enlarged: 3149.
num_inconsistent_stats: 0.

CodeHeap 'non-profiled nmethods': size=120000Kb used=5435Kb max_used=5435Kb free=114564Kb
 bounds [0x000001e858a20000, 0x000001e858f70000, 0x000001e85ff50000]
CodeHeap 'profiled nmethods': size=120000Kb used=16421Kb max_used=16421Kb free=103578Kb
 bounds [0x000001e850f50000, 0x000001e851f60000, 0x000001e858480000]
CodeHeap 'non-nmethods': size=5760Kb used=2825Kb max_used=2856Kb free=2935Kb
 bounds [0x000001e858480000, 0x000001e858770000, 0x000001e858a20000]
CodeCache: size=245760Kb, used=24681Kb, max_used=24712Kb, free=221077Kb
 total_blobs=10030, nmethods=9078, adapters=856, full_count=0
Compilation: enabled, stopped_count=0, restarted_count=0

Compilation events (20 events):
Event: 12.945 Thread 0x000001e865b5e370 nmethod 10606 0x000001e851f50e90 code [0x000001e851f51040, 0x000001e851f51230]
Event: 12.951 Thread 0x000001e86a1e35f0 nmethod 10604 0x000001e858f6da90 code [0x000001e858f6dca0, 0x000001e858f6e788]
Event: 12.971 Thread 0x000001e865b5e370 10607       3       org.gradle.api.internal.artifacts.configurations.DefaultConfigurationContainer::findByName (6 bytes)
Event: 12.971 Thread 0x000001e865b5e370 nmethod 10607 0x000001e851f51390 code [0x000001e851f51540, 0x000001e851f51850]
Event: 12.971 Thread 0x000001e865b5e370 10608   !   3       org.gradle.api.internal.model.NamedObjectInstantiator::named (56 bytes)
Event: 12.972 Thread 0x000001e865b5e370 nmethod 10608 0x000001e851f51990 code [0x000001e851f51c40, 0x000001e851f528c0]
Event: 12.972 Thread 0x000001e865b5e370 10609   !   3       com.google.common.cache.LocalCache$LocalLoadingCache::getUnchecked (19 bytes)
Event: 12.972 Thread 0x000001e865b5e370 nmethod 10609 0x000001e851f53090 code [0x000001e851f53280, 0x000001e851f53658]
Event: 12.972 Thread 0x000001e865b5e370 10610       3       org.gradle.model.internal.type.ModelType::<init> (6 bytes)
Event: 12.972 Thread 0x000001e865b5e370 nmethod 10610 0x000001e851f53890 code [0x000001e851f53a40, 0x000001e851f53c60]
Event: 12.980 Thread 0x000001e865b5e370 10611       3       java.lang.invoke.StringConcatFactory::parseRecipe (213 bytes)
Event: 12.981 Thread 0x000001e865b5e370 nmethod 10611 0x000001e851f53d90 code [0x000001e851f54160, 0x000001e851f55ae0]
Event: 12.981 Thread 0x000001e865b5e370 10612       3       org.gradle.api.internal.attributes.FreezableAttributeContainer::attribute (18 bytes)
Event: 12.981 Thread 0x000001e865b5e370 nmethod 10612 0x000001e851f56690 code [0x000001e851f56840, 0x000001e851f56a70]
Event: 12.981 Thread 0x000001e865b5e370 10613       3       org.gradle.api.internal.attributes.FreezableAttributeContainer::assertMutable (40 bytes)
Event: 12.982 Thread 0x000001e865b5e370 nmethod 10613 0x000001e851f56b90 code [0x000001e851f56e20, 0x000001e851f57ae8]
Event: 12.982 Thread 0x000001e865b5e370 10614       3       java.util.concurrent.atomic.AtomicLong::addAndGet (14 bytes)
Event: 12.982 Thread 0x000001e865b5e370 nmethod 10614 0x000001e851f57f10 code [0x000001e851f580a0, 0x000001e851f581c0]
Event: 12.982 Thread 0x000001e865b5e370 10615       3       java.util.TreeMap::buildFromSorted (218 bytes)
Event: 12.983 Thread 0x000001e865b5e370 nmethod 10615 0x000001e851f58290 code [0x000001e851f58520, 0x000001e851f59288]

GC Heap History (20 events):
Event: 9.011 GC heap after
{Heap after GC invocations=31 (full 0):
 garbage-first heap   total 111616K, used 57180K [0x0000000080000000, 0x0000000100000000)
  region size 1024K, 4 young (4096K), 4 survivors (4096K)
 Metaspace       used 72662K, committed 74432K, reserved 1114112K
  class space    used 10221K, committed 11072K, reserved 1048576K
}
Event: 9.174 GC heap before
{Heap before GC invocations=31 (full 0):
 garbage-first heap   total 111616K, used 71516K [0x0000000080000000, 0x0000000100000000)
  region size 1024K, 19 young (19456K), 4 survivors (4096K)
 Metaspace       used 73083K, committed 74880K, reserved 1114112K
  class space    used 10278K, committed 11136K, reserved 1048576K
}
Event: 9.177 GC heap after
{Heap after GC invocations=32 (full 0):
 garbage-first heap   total 111616K, used 59167K [0x0000000080000000, 0x0000000100000000)
  region size 1024K, 3 young (3072K), 3 survivors (3072K)
 Metaspace       used 73083K, committed 74880K, reserved 1114112K
  class space    used 10278K, committed 11136K, reserved 1048576K
}
Event: 9.736 GC heap before
{Heap before GC invocations=33 (full 0):
 garbage-first heap   total 111616K, used 109343K [0x0000000080000000, 0x0000000100000000)
  region size 1024K, 39 young (39936K), 3 survivors (3072K)
 Metaspace       used 75295K, committed 77120K, reserved 1179648K
  class space    used 10550K, committed 11456K, reserved 1048576K
}
Event: 9.740 GC heap after
{Heap after GC invocations=34 (full 0):
 garbage-first heap   total 121856K, used 79989K [0x0000000080000000, 0x0000000100000000)
  region size 1024K, 6 young (6144K), 6 survivors (6144K)
 Metaspace       used 75295K, committed 77120K, reserved 1179648K
  class space    used 10550K, committed 11456K, reserved 1048576K
}
Event: 10.051 GC heap before
{Heap before GC invocations=34 (full 0):
 garbage-first heap   total 121856K, used 106613K [0x0000000080000000, 0x0000000100000000)
  region size 1024K, 33 young (33792K), 6 survivors (6144K)
 Metaspace       used 78053K, committed 79872K, reserved 1179648K
  class space    used 10854K, committed 11712K, reserved 1048576K
}
Event: 10.054 GC heap after
{Heap after GC invocations=35 (full 0):
 garbage-first heap   total 121856K, used 80592K [0x0000000080000000, 0x0000000100000000)
  region size 1024K, 1 young (1024K), 1 survivors (1024K)
 Metaspace       used 78053K, committed 79872K, reserved 1179648K
  class space    used 10854K, committed 11712K, reserved 1048576K
}
Event: 10.555 GC heap before
{Heap before GC invocations=35 (full 0):
 garbage-first heap   total 121856K, used 111312K [0x0000000080000000, 0x0000000100000000)
  region size 1024K, 31 young (31744K), 1 survivors (1024K)
 Metaspace       used 81376K, committed 83264K, reserved 1179648K
  class space    used 11371K, committed 12288K, reserved 1048576K
}
Event: 10.557 GC heap after
{Heap after GC invocations=36 (full 0):
 garbage-first heap   total 121856K, used 81518K [0x0000000080000000, 0x0000000100000000)
  region size 1024K, 2 young (2048K), 2 survivors (2048K)
 Metaspace       used 81376K, committed 83264K, reserved 1179648K
  class space    used 11371K, committed 12288K, reserved 1048576K
}
Event: 11.012 GC heap before
{Heap before GC invocations=37 (full 0):
 garbage-first heap   total 137216K, used 115310K [0x0000000080000000, 0x0000000100000000)
  region size 1024K, 31 young (31744K), 2 survivors (2048K)
 Metaspace       used 83495K, committed 85376K, reserved 1179648K
  class space    used 11680K, committed 12608K, reserved 1048576K
}
Event: 11.015 GC heap after
{Heap after GC invocations=38 (full 0):
 garbage-first heap   total 137216K, used 86651K [0x0000000080000000, 0x0000000100000000)
  region size 1024K, 4 young (4096K), 4 survivors (4096K)
 Metaspace       used 83495K, committed 85376K, reserved 1179648K
  class space    used 11680K, committed 12608K, reserved 1048576K
}
Event: 11.375 GC heap before
{Heap before GC invocations=38 (full 0):
 garbage-first heap   total 137216K, used 122491K [0x0000000080000000, 0x0000000100000000)
  region size 1024K, 39 young (39936K), 4 survivors (4096K)
 Metaspace       used 86335K, committed 88320K, reserved 1179648K
  class space    used 12030K, committed 12992K, reserved 1048576K
}
Event: 11.379 GC heap after
{Heap after GC invocations=39 (full 0):
 garbage-first heap   total 137216K, used 88429K [0x0000000080000000, 0x0000000100000000)
  region size 1024K, 5 young (5120K), 5 survivors (5120K)
 Metaspace       used 86335K, committed 88320K, reserved 1179648K
  class space    used 12030K, committed 12992K, reserved 1048576K
}
Event: 11.888 GC heap before
{Heap before GC invocations=39 (full 0):
 garbage-first heap   total 137216K, used 123245K [0x0000000080000000, 0x0000000100000000)
  region size 1024K, 39 young (39936K), 5 survivors (5120K)
 Metaspace       used 90208K, committed 92224K, reserved 1179648K
  class space    used 12530K, committed 13504K, reserved 1048576K
}
Event: 11.892 GC heap after
{Heap after GC invocations=40 (full 0):
 garbage-first heap   total 137216K, used 90324K [0x0000000080000000, 0x0000000100000000)
  region size 1024K, 4 young (4096K), 4 survivors (4096K)
 Metaspace       used 90208K, committed 92224K, reserved 1179648K
  class space    used 12530K, committed 13504K, reserved 1048576K
}
Event: 12.404 GC heap before
{Heap before GC invocations=41 (full 0):
 garbage-first heap   total 152576K, used 126164K [0x0000000080000000, 0x0000000100000000)
  region size 1024K, 37 young (37888K), 4 survivors (4096K)
 Metaspace       used 92956K, committed 94912K, reserved 1179648K
  class space    used 12916K, committed 13888K, reserved 1048576K
}
Event: 12.407 GC heap after
{Heap after GC invocations=42 (full 0):
 garbage-first heap   total 152576K, used 95314K [0x0000000080000000, 0x0000000100000000)
  region size 1024K, 4 young (4096K), 4 survivors (4096K)
 Metaspace       used 92956K, committed 94912K, reserved 1179648K
  class space    used 12916K, committed 13888K, reserved 1048576K
}
Event: 12.744 GC heap before
{Heap before GC invocations=42 (full 0):
 garbage-first heap   total 152576K, used 138322K [0x0000000080000000, 0x0000000100000000)
  region size 1024K, 46 young (47104K), 4 survivors (4096K)
 Metaspace       used 95072K, committed 97152K, reserved 1179648K
  class space    used 13248K, committed 14272K, reserved 1048576K
}
Event: 12.750 GC heap after
{Heap after GC invocations=43 (full 0):
 garbage-first heap   total 152576K, used 98769K [0x0000000080000000, 0x0000000100000000)
  region size 1024K, 6 young (6144K), 6 survivors (6144K)
 Metaspace       used 95072K, committed 97152K, reserved 1179648K
  class space    used 13248K, committed 14272K, reserved 1048576K
}
Event: 13.023 GC heap before
{Heap before GC invocations=43 (full 0):
 garbage-first heap   total 152576K, used 137681K [0x0000000080000000, 0x0000000100000000)
  region size 1024K, 44 young (45056K), 6 survivors (6144K)
 Metaspace       used 96917K, committed 98944K, reserved 1179648K
  class space    used 13487K, committed 14528K, reserved 1048576K
}

Dll operation events (3 events):
Event: 0.010 Loaded shared library D:\Android Studio\jbr\bin\java.dll
Event: 0.021 Loaded shared library D:\Android Studio\jbr\bin\zip.dll
Event: 0.640 Loaded shared library D:\Android Studio\jbr\bin\verify.dll

Deoptimization events (20 events):
Event: 12.867 Thread 0x000001e86bae52d0 Uncommon trap: trap_request=0xffffffd6 fr.pc=0x000001e858d2676c relative=0x00000000000003ac
Event: 12.867 Thread 0x000001e86bae52d0 Uncommon trap: reason=array_check action=maybe_recompile pc=0x000001e858d2676c method=java.util.LinkedHashMap.keysToArray([Ljava/lang/Object;Z)[Ljava/lang/Object; @ 67 c2
Event: 12.867 Thread 0x000001e86bae52d0 DEOPT PACKING pc=0x000001e858d2676c sp=0x000000a00d3f5a00
Event: 12.867 Thread 0x000001e86bae52d0 DEOPT UNPACKING pc=0x000001e8584d46a2 sp=0x000000a00d3f59a0 mode 2
Event: 12.868 Thread 0x000001e86bae52d0 Uncommon trap: trap_request=0xffffffd6 fr.pc=0x000001e858d2676c relative=0x00000000000003ac
Event: 12.868 Thread 0x000001e86bae52d0 Uncommon trap: reason=array_check action=maybe_recompile pc=0x000001e858d2676c method=java.util.LinkedHashMap.keysToArray([Ljava/lang/Object;Z)[Ljava/lang/Object; @ 67 c2
Event: 12.868 Thread 0x000001e86bae52d0 DEOPT PACKING pc=0x000001e858d2676c sp=0x000000a00d3f5a00
Event: 12.868 Thread 0x000001e86bae52d0 DEOPT UNPACKING pc=0x000001e8584d46a2 sp=0x000000a00d3f59a0 mode 2
Event: 12.881 Thread 0x000001e86bae52d0 DEOPT PACKING pc=0x000001e8516dbded sp=0x000000a00d3f82b0
Event: 12.881 Thread 0x000001e86bae52d0 DEOPT UNPACKING pc=0x000001e8584d4e42 sp=0x000000a00d3f77e8 mode 0
Event: 12.886 Thread 0x000001e86bae52d0 DEOPT PACKING pc=0x000001e8516dbded sp=0x000000a00d3f8310
Event: 12.886 Thread 0x000001e86bae52d0 DEOPT UNPACKING pc=0x000001e8584d4e42 sp=0x000000a00d3f7848 mode 0
Event: 12.888 Thread 0x000001e86bae52d0 DEOPT PACKING pc=0x000001e8516dbeed sp=0x000000a00d3f7d20
Event: 12.888 Thread 0x000001e86bae52d0 DEOPT UNPACKING pc=0x000001e8584d4e42 sp=0x000000a00d3f7258 mode 0
Event: 12.890 Thread 0x000001e86bae52d0 DEOPT PACKING pc=0x000001e8516dbded sp=0x000000a00d3f7d20
Event: 12.890 Thread 0x000001e86bae52d0 DEOPT UNPACKING pc=0x000001e8584d4e42 sp=0x000000a00d3f7258 mode 0
Event: 12.911 Thread 0x000001e86bae52d0 Uncommon trap: trap_request=0xfffffff4 fr.pc=0x000001e858d25014 relative=0x0000000000000074
Event: 12.911 Thread 0x000001e86bae52d0 Uncommon trap: reason=null_check action=make_not_entrant pc=0x000001e858d25014 method=java.lang.Class.isAnnotation()Z @ 1 c2
Event: 12.911 Thread 0x000001e86bae52d0 DEOPT PACKING pc=0x000001e858d25014 sp=0x000000a00d3f81f0
Event: 12.911 Thread 0x000001e86bae52d0 DEOPT UNPACKING pc=0x000001e8584d46a2 sp=0x000000a00d3f8180 mode 2

Classes loaded (20 events):
Event: 11.906 Loading class javax/management/JMException
Event: 11.906 Loading class javax/management/JMException done
Event: 11.906 Loading class javax/management/OperationsException done
Event: 11.906 Loading class javax/management/ListenerNotFoundException done
Event: 11.906 Loading class jdk/jfr/Recording
Event: 11.906 Loading class jdk/jfr/Recording done
Event: 11.906 Loading class jdk/jfr/FlightRecorder
Event: 11.906 Loading class jdk/jfr/FlightRecorder done
Event: 11.906 Loading class jdk/management/jfr/FlightRecorderMXBeanImpl$MXBeanListener
Event: 11.906 Loading class jdk/jfr/FlightRecorderListener
Event: 11.906 Loading class jdk/jfr/FlightRecorderListener done
Event: 11.906 Loading class jdk/management/jfr/FlightRecorderMXBeanImpl$MXBeanListener done
Event: 12.037 Loading class com/sun/jmx/mbeanserver/StandardMBeanSupport
Event: 12.037 Loading class com/sun/jmx/mbeanserver/StandardMBeanSupport done
Event: 12.038 Loading class com/sun/jmx/mbeanserver/StandardMBeanIntrospector
Event: 12.038 Loading class com/sun/jmx/mbeanserver/StandardMBeanIntrospector done
Event: 12.328 Loading class java/util/concurrent/LinkedBlockingDeque$Itr
Event: 12.328 Loading class java/util/concurrent/LinkedBlockingDeque$AbstractItr
Event: 12.328 Loading class java/util/concurrent/LinkedBlockingDeque$AbstractItr done
Event: 12.328 Loading class java/util/concurrent/LinkedBlockingDeque$Itr done

Classes unloaded (0 events):
No events

Classes redefined (0 events):
No events

Internal exceptions (20 events):
Event: 11.695 Thread 0x000001e86bae52d0 Exception <a 'java/lang/NoSuchMethodError'{0x00000000867267b0}: static Lorg/jetbrains/kotlin/gradle/targets/js/nodejs/DefaultUnameExecutorVariantFactory;.<clinit>()V> (0x00000000867267b0) 
thrown [s\src\hotspot\share\prims\jni.cpp, line 1144]
Event: 11.696 Thread 0x000001e86bae52d0 Exception <a 'java/lang/NoSuchMethodError'{0x0000000086743f78}: static Lorg/jetbrains/kotlin/gradle/plugin/internal/DefaultBasePluginConfigurationVariantFactory;.<clinit>()V> (0x0000000086743f78) 
thrown [s\src\hotspot\share\prims\jni.cpp, line 1144]
Event: 11.697 Thread 0x000001e86bae52d0 Exception <a 'java/lang/NoSuchMethodError'{0x0000000086761b10}: static Lorg/jetbrains/kotlin/gradle/plugin/internal/DefaultAttributeConfigurationHelperVariantFactory;.<clinit>()V> (0x0000000086761b10) 
thrown [s\src\hotspot\share\prims\jni.cpp, line 1144]
Event: 11.763 Thread 0x000001e86bae52d0 Exception <a 'java/lang/IncompatibleClassChangeError'{0x00000000864acb70}: Found class java.lang.Object, but interface was expected> (0x00000000864acb70) 
thrown [s\src\hotspot\share\interpreter\linkResolver.cpp, line 851]
Event: 12.510 Thread 0x000001e86bae52d0 Exception <a 'java/lang/NoSuchMethodError'{0x0000000088449650}: 'java.lang.Object java.lang.invoke.DirectMethodHandle$Holder.newInvokeSpecial(java.lang.Object, java.lang.Object, java.lang.Object, java.lang.Object, java.lang.Object, java.lang.Object, java.lang.Object, java.lang.Object, java.lang.Object, java.lang.Object, java.lang.Object, java.lang.Object, java.lang.Object, java.lang.Object, java.lang.Object, java.lang.Object, java.lang.Object, java.lang.Object, java.lang.Object, java.lang.Object, java.lang
Event: 12.510 Thread 0x000001e86bae52d0 Exception <a 'java/lang/NoSuchMethodError'{0x0000000088451498}: 'java.lang.Object java.lang.invoke.DirectMethodHandle$Holder.invokeSpecial(java.lang.Object, java.lang.Object, java.lang.Object, java.lang.Object, java.lang.Object, java.lang.Object, java.lang.Object, java.lang.Object, java.lang.Object, java.lang.Object, java.lang.Object, java.lang.Object, java.lang.Object, java.lang.Object, java.lang.Object, java.lang.Object, java.lang.Object, java.lang.Object, java.lang.Object, java.lang.Object, java.lang.Ob
Event: 12.510 Thread 0x000001e86bae52d0 Exception <a 'java/lang/NoSuchMethodError'{0x0000000088457cd0}: 'java.lang.Object java.lang.invoke.DelegatingMethodHandle$Holder.reinvoke_L(java.lang.Object, java.lang.Object, java.lang.Object, java.lang.Object, java.lang.Object, java.lang.Object, java.lang.Object, java.lang.Object, java.lang.Object, java.lang.Object, java.lang.Object, java.lang.Object, java.lang.Object, java.lang.Object, java.lang.Object, java.lang.Object, java.lang.Object, java.lang.Object, java.lang.Object, java.lang.Object, java.lang.O
Event: 12.561 Thread 0x000001e86bae52d0 Exception <a 'java/lang/ClassNotFoundException'{0x0000000087f0c768}: org/jetbrains/kotlin/gradle/targets/js/npm/DefaultNpmDependencyExtensionBeanInfo> (0x0000000087f0c768) 
thrown [s\src\hotspot\share\classfile\systemDictionary.cpp, line 312]
Event: 12.562 Thread 0x000001e86bae52d0 Exception <a 'java/lang/ClassNotFoundException'{0x0000000087f1b698}: org/jetbrains/kotlin/gradle/targets/js/npm/DefaultNpmDependencyExtensionCustomizer> (0x0000000087f1b698) 
thrown [s\src\hotspot\share\classfile\systemDictionary.cpp, line 312]
Event: 12.566 Thread 0x000001e86bae52d0 Exception <a 'java/lang/ClassNotFoundException'{0x0000000087fae068}: org/jetbrains/kotlin/gradle/targets/js/npm/NpmDependencyExtensionKt$defaultNpmDependencyDelegate$1BeanInfo> (0x0000000087fae068) 
thrown [s\src\hotspot\share\classfile\systemDictionary.cpp, line 312]
Event: 12.567 Thread 0x000001e86bae52d0 Exception <a 'java/lang/ClassNotFoundException'{0x0000000087fbe558}: org/jetbrains/kotlin/gradle/targets/js/npm/NpmDependencyExtensionDelegateBeanInfo> (0x0000000087fbe558) 
thrown [s\src\hotspot\share\classfile\systemDictionary.cpp, line 312]
Event: 12.567 Thread 0x000001e86bae52d0 Exception <a 'java/lang/ClassNotFoundException'{0x0000000087fcece8}: org/jetbrains/kotlin/gradle/targets/js/npm/NpmDependencyExtensionDelegateCustomizer> (0x0000000087fcece8) 
thrown [s\src\hotspot\share\classfile\systemDictionary.cpp, line 312]
Event: 12.568 Thread 0x000001e86bae52d0 Exception <a 'java/lang/ClassNotFoundException'{0x0000000087e00508}: org/jetbrains/kotlin/gradle/targets/js/npm/NpmDependencyExtensionKt$defaultNpmDependencyDelegate$1Customizer> (0x0000000087e00508) 
thrown [s\src\hotspot\share\classfile\systemDictionary.cpp, line 312]
Event: 12.570 Thread 0x000001e86bae52d0 Exception <a 'java/lang/ClassNotFoundException'{0x0000000087e41e40}: org/jetbrains/kotlin/gradle/targets/js/npm/DefaultDevNpmDependencyExtensionBeanInfo> (0x0000000087e41e40) 
thrown [s\src\hotspot\share\classfile\systemDictionary.cpp, line 312]
Event: 12.571 Thread 0x000001e86bae52d0 Exception <a 'java/lang/ClassNotFoundException'{0x0000000087e50db8}: org/jetbrains/kotlin/gradle/targets/js/npm/DefaultDevNpmDependencyExtensionCustomizer> (0x0000000087e50db8) 
thrown [s\src\hotspot\share\classfile\systemDictionary.cpp, line 312]
Event: 12.573 Thread 0x000001e86bae52d0 Exception <a 'java/lang/ClassNotFoundException'{0x0000000087e9b180}: org/jetbrains/kotlin/gradle/targets/js/npm/DefaultPeerNpmDependencyExtensionBeanInfo> (0x0000000087e9b180) 
thrown [s\src\hotspot\share\classfile\systemDictionary.cpp, line 312]
Event: 12.573 Thread 0x000001e86bae52d0 Exception <a 'java/lang/ClassNotFoundException'{0x0000000087eaa160}: org/jetbrains/kotlin/gradle/targets/js/npm/DefaultPeerNpmDependencyExtensionCustomizer> (0x0000000087eaa160) 
thrown [s\src\hotspot\share\classfile\systemDictionary.cpp, line 312]
Event: 12.575 Thread 0x000001e86bae52d0 Exception <a 'java/lang/ClassNotFoundException'{0x0000000087efdd10}: org/jetbrains/kotlin/gradle/targets/js/npm/DefaultPeerNpmDependencyExtension$delegate$1BeanInfo> (0x0000000087efdd10) 
thrown [s\src\hotspot\share\classfile\systemDictionary.cpp, line 312]
Event: 12.576 Thread 0x000001e86bae52d0 Exception <a 'java/lang/ClassNotFoundException'{0x0000000087d0d7e8}: org/jetbrains/kotlin/gradle/targets/js/npm/DefaultPeerNpmDependencyExtension$delegate$1Customizer> (0x0000000087d0d7e8) 
thrown [s\src\hotspot\share\classfile\systemDictionary.cpp, line 312]
Event: 12.584 Thread 0x000001e86bae52d0 Exception <a 'java/lang/NoSuchMethodError'{0x0000000087dba600}: static Lorg/jetbrains/kotlin/gradle/plugin/internal/DefaultIdeaSyncDetector$createIdeaPropertiesEvaluator$1;.<clinit>()V> (0x0000000087dba600) 
thrown [s\src\hotspot\share\prims\jni.cpp, line 1144]

ZGC Phase Switch (0 events):
No events

VM Operations (20 events):
Event: 11.632 Executing VM operation: HandshakeAllThreads (Deoptimize) done
Event: 11.888 Executing VM operation: G1CollectForAllocation (G1 Evacuation Pause)
Event: 11.892 Executing VM operation: G1CollectForAllocation (G1 Evacuation Pause) done
Event: 11.928 Executing VM operation: G1PauseRemark
Event: 11.932 Executing VM operation: G1PauseRemark done
Event: 11.946 Executing VM operation: G1PauseCleanup
Event: 11.946 Executing VM operation: G1PauseCleanup done
Event: 12.181 Executing VM operation: HandshakeAllThreads (Deoptimize)
Event: 12.181 Executing VM operation: HandshakeAllThreads (Deoptimize) done
Event: 12.334 Executing VM operation: HandshakeAllThreads (Deoptimize)
Event: 12.334 Executing VM operation: HandshakeAllThreads (Deoptimize) done
Event: 12.334 Executing VM operation: HandshakeAllThreads (Deoptimize)
Event: 12.335 Executing VM operation: HandshakeAllThreads (Deoptimize) done
Event: 12.404 Executing VM operation: G1CollectForAllocation (G1 Evacuation Pause)
Event: 12.407 Executing VM operation: G1CollectForAllocation (G1 Evacuation Pause) done
Event: 12.744 Executing VM operation: G1CollectForAllocation (G1 Evacuation Pause)
Event: 12.750 Executing VM operation: G1CollectForAllocation (G1 Evacuation Pause) done
Event: 12.998 Executing VM operation: HandshakeAllThreads (Deoptimize)
Event: 12.998 Executing VM operation: HandshakeAllThreads (Deoptimize) done
Event: 13.023 Executing VM operation: G1CollectForAllocation (G1 Evacuation Pause)

Memory protections (0 events):
No events

Nmethod flushes (20 events):
Event: 11.931 Thread 0x000001e865ae28c0 flushing  nmethod 0x000001e85114e610
Event: 11.931 Thread 0x000001e865ae28c0 flushing  nmethod 0x000001e851258610
Event: 11.931 Thread 0x000001e865ae28c0 flushing  nmethod 0x000001e85143a510
Event: 11.931 Thread 0x000001e865ae28c0 flushing  nmethod 0x000001e851749e10
Event: 11.931 Thread 0x000001e865ae28c0 flushing  nmethod 0x000001e85174a610
Event: 11.931 Thread 0x000001e865ae28c0 flushing  nmethod 0x000001e851888e10
Event: 11.931 Thread 0x000001e865ae28c0 flushing  nmethod 0x000001e851a52690
Event: 11.931 Thread 0x000001e865ae28c0 flushing  nmethod 0x000001e858e79310
Event: 11.931 Thread 0x000001e865ae28c0 flushing  nmethod 0x000001e850fca390
Event: 11.931 Thread 0x000001e865ae28c0 flushing  nmethod 0x000001e850fcfd90
Event: 11.931 Thread 0x000001e865ae28c0 flushing  nmethod 0x000001e851032210
Event: 11.931 Thread 0x000001e865ae28c0 flushing  nmethod 0x000001e851037710
Event: 11.931 Thread 0x000001e865ae28c0 flushing  nmethod 0x000001e85108d790
Event: 11.931 Thread 0x000001e865ae28c0 flushing  nmethod 0x000001e8511aee90
Event: 11.931 Thread 0x000001e865ae28c0 flushing  nmethod 0x000001e851253810
Event: 11.931 Thread 0x000001e865ae28c0 flushing  nmethod 0x000001e851354a10
Event: 11.931 Thread 0x000001e865ae28c0 flushing  nmethod 0x000001e8513b3510
Event: 11.931 Thread 0x000001e865ae28c0 flushing  nmethod 0x000001e851410f10
Event: 11.931 Thread 0x000001e865ae28c0 flushing  nmethod 0x000001e85154db10
Event: 11.931 Thread 0x000001e865ae28c0 flushing  nmethod 0x000001e8518cf290

Events (20 events):
Event: 8.722 Thread 0x000001e86bae52d0 Thread added: 0x000001e86f692d90
Event: 8.722 Thread 0x000001e86bae52d0 Thread added: 0x000001e86f68d840
Event: 8.722 Thread 0x000001e86bae52d0 Thread added: 0x000001e86f693420
Event: 8.723 Thread 0x000001e86bae52d0 Thread added: 0x000001e86f694e60
Event: 8.723 Thread 0x000001e86bae52d0 Thread added: 0x000001e86cf7e150
Event: 8.723 Thread 0x000001e86bae52d0 Thread added: 0x000001e86cf7dac0
Event: 8.723 Thread 0x000001e86bae52d0 Thread added: 0x000001e86cf79fb0
Event: 9.422 Thread 0x000001e86c0c3de0 Thread exited: 0x000001e86c0c3de0
Event: 9.422 Thread 0x000001e86be58dc0 Thread exited: 0x000001e86be58dc0
Event: 9.752 Thread 0x000001e865b5e370 Thread added: 0x000001e86c60eab0
Event: 9.977 Thread 0x000001e86bae52d0 Thread added: 0x000001e86cf7b360
Event: 10.378 Thread 0x000001e86bae52d0 Thread added: 0x000001e86cf7e7e0
Event: 10.557 Thread 0x000001e86c60eab0 Thread exited: 0x000001e86c60eab0
Event: 10.677 Thread 0x000001e865b5e370 Thread added: 0x000001e86f8e8550
Event: 10.844 Thread 0x000001e86f8e8550 Thread exited: 0x000001e86f8e8550
Event: 10.891 Thread 0x000001e865b5e370 Thread added: 0x000001e86f8e8550
Event: 10.891 Thread 0x000001e865b5e370 Thread added: 0x000001e86a1e0d10
Event: 12.082 Thread 0x000001e86bae52d0 Thread added: 0x000001e86d5acee0
Event: 12.227 Thread 0x000001e86a1e0d10 Thread exited: 0x000001e86a1e0d10
Event: 12.678 Thread 0x000001e865b5e370 Thread added: 0x000001e86a1e35f0


Dynamic libraries:
0x00007ff7ac290000 - 0x00007ff7ac29a000 	D:\Android Studio\jbr\bin\java.exe
0x00007ffc1cc10000 - 0x00007ffc1ce08000 	C:\WINDOWS\SYSTEM32\ntdll.dll
0x00007ffc1be60000 - 0x00007ffc1bf22000 	C:\WINDOWS\System32\KERNEL32.DLL
0x00007ffc1a500000 - 0x00007ffc1a7f6000 	C:\WINDOWS\System32\KERNELBASE.dll
0x00007ffc1ab30000 - 0x00007ffc1ac30000 	C:\WINDOWS\System32\ucrtbase.dll
0x00007ffc167c0000 - 0x00007ffc167db000 	D:\Android Studio\jbr\bin\VCRUNTIME140.dll
0x00007ffc07260000 - 0x00007ffc07278000 	D:\Android Studio\jbr\bin\jli.dll
0x00007ffc1c290000 - 0x00007ffc1c431000 	C:\WINDOWS\System32\USER32.dll
0x00007ffc1a2a0000 - 0x00007ffc1a2c2000 	C:\WINDOWS\System32\win32u.dll
0x00007ffbf9410000 - 0x00007ffbf96ab000 	C:\WINDOWS\WinSxS\amd64_microsoft.windows.common-controls_6595b64144ccf1df_6.0.19041.6456_none_60b8a6cb71f64256\COMCTL32.dll
0x00007ffc1b220000 - 0x00007ffc1b24b000 	C:\WINDOWS\System32\GDI32.dll
0x00007ffc1c8c0000 - 0x00007ffc1c95e000 	C:\WINDOWS\System32\msvcrt.dll
0x00007ffc1aa10000 - 0x00007ffc1ab29000 	C:\WINDOWS\System32\gdi32full.dll
0x00007ffc1a380000 - 0x00007ffc1a41d000 	C:\WINDOWS\System32\msvcp_win.dll
0x00007ffc1b250000 - 0x00007ffc1b27f000 	C:\WINDOWS\System32\IMM32.DLL
0x00007ffc16530000 - 0x00007ffc1653c000 	D:\Android Studio\jbr\bin\vcruntime140_1.dll
0x00007ffbd3d90000 - 0x00007ffbd3e1d000 	D:\Android Studio\jbr\bin\msvcp140.dll
0x00007ffbc50a0000 - 0x00007ffbc5d36000 	D:\Android Studio\jbr\bin\server\jvm.dll
0x00007ffc1b160000 - 0x00007ffc1b211000 	C:\WINDOWS\System32\ADVAPI32.dll
0x00007ffc1afd0000 - 0x00007ffc1b06f000 	C:\WINDOWS\System32\sechost.dll
0x00007ffc1c7a0000 - 0x00007ffc1c8c0000 	C:\WINDOWS\System32\RPCRT4.dll
0x00007ffc1a350000 - 0x00007ffc1a377000 	C:\WINDOWS\System32\bcrypt.dll
0x00007ffc1c190000 - 0x00007ffc1c1fb000 	C:\WINDOWS\System32\WS2_32.dll
0x00007ffc0e3e0000 - 0x00007ffc0e407000 	C:\WINDOWS\SYSTEM32\WINMM.dll
0x00007ffc19830000 - 0x00007ffc1987b000 	C:\WINDOWS\SYSTEM32\POWRPROF.dll
0x00007ffc11200000 - 0x00007ffc1120a000 	C:\WINDOWS\SYSTEM32\VERSION.dll
0x00007ffc196a0000 - 0x00007ffc196b2000 	C:\WINDOWS\SYSTEM32\UMPDC.dll
0x00007ffc18ad0000 - 0x00007ffc18ae2000 	C:\WINDOWS\SYSTEM32\kernel.appcore.dll
0x00007ffc14410000 - 0x00007ffc1441a000 	D:\Android Studio\jbr\bin\jimage.dll
0x00007ffc180e0000 - 0x00007ffc182e1000 	C:\WINDOWS\SYSTEM32\DBGHELP.DLL
0x00007ffbf3d40000 - 0x00007ffbf3d74000 	C:\WINDOWS\SYSTEM32\dbgcore.DLL
0x00007ffc1a470000 - 0x00007ffc1a4f2000 	C:\WINDOWS\System32\bcryptPrimitives.dll
0x00007ffc07cb0000 - 0x00007ffc07cbe000 	D:\Android Studio\jbr\bin\instrument.dll
0x00007ffc0e6d0000 - 0x00007ffc0e6f0000 	D:\Android Studio\jbr\bin\java.dll
0x00007ffc07330000 - 0x00007ffc07348000 	D:\Android Studio\jbr\bin\zip.dll
0x00007ffc1b6f0000 - 0x00007ffc1be60000 	C:\WINDOWS\System32\SHELL32.dll
0x00007ffc18310000 - 0x00007ffc18ab5000 	C:\WINDOWS\SYSTEM32\windows.storage.dll
0x00007ffc1c440000 - 0x00007ffc1c794000 	C:\WINDOWS\System32\combase.dll
0x00007ffc19cd0000 - 0x00007ffc19cfb000 	C:\WINDOWS\SYSTEM32\Wldp.dll
0x00007ffc1cb00000 - 0x00007ffc1cbcd000 	C:\WINDOWS\System32\OLEAUT32.dll
0x00007ffc1ca50000 - 0x00007ffc1cafd000 	C:\WINDOWS\System32\SHCORE.dll
0x00007ffc1b0d0000 - 0x00007ffc1b12b000 	C:\WINDOWS\System32\shlwapi.dll
0x00007ffc1a1d0000 - 0x00007ffc1a1f4000 	C:\WINDOWS\SYSTEM32\profapi.dll
0x00007ffc14400000 - 0x00007ffc14410000 	D:\Android Studio\jbr\bin\net.dll
0x00007ffc12000000 - 0x00007ffc1210a000 	C:\WINDOWS\SYSTEM32\WINHTTP.dll
0x00007ffc19a30000 - 0x00007ffc19a9a000 	C:\WINDOWS\system32\mswsock.dll
0x00007ffc07310000 - 0x00007ffc07326000 	D:\Android Studio\jbr\bin\nio.dll
0x00007ffc0ccf0000 - 0x00007ffc0cd00000 	D:\Android Studio\jbr\bin\verify.dll
0x00007ffc071e0000 - 0x00007ffc07207000 	C:\Users\fchen\.gradle\native\1def1411415f61bf3af743bc5b6707747c0891f09f0c88961ee8f79bc544acac\windows-amd64\native-platform.dll
0x00007ffc06ff0000 - 0x00007ffc07068000 	C:\Users\fchen\.gradle\native\0.2.7\x86_64-windows-gnu\gradle-fileevents.dll
0x00007ffc10ca0000 - 0x00007ffc10ca9000 	D:\Android Studio\jbr\bin\management.dll
0x00007ffc0e7d0000 - 0x00007ffc0e7db000 	D:\Android Studio\jbr\bin\management_ext.dll
0x00007ffc1adb0000 - 0x00007ffc1adb8000 	C:\WINDOWS\System32\PSAPI.DLL
0x00007ffc196c0000 - 0x00007ffc196fb000 	C:\WINDOWS\SYSTEM32\IPHLPAPI.DLL
0x00007ffc1c960000 - 0x00007ffc1c968000 	C:\WINDOWS\System32\NSI.dll
0x00007ffc13f10000 - 0x00007ffc13f19000 	D:\Android Studio\jbr\bin\extnet.dll
0x00007ffc19c20000 - 0x00007ffc19c38000 	C:\WINDOWS\SYSTEM32\CRYPTSP.dll
0x00007ffc19270000 - 0x00007ffc192a8000 	C:\WINDOWS\system32\rsaenh.dll
0x00007ffc1a150000 - 0x00007ffc1a17e000 	C:\WINDOWS\SYSTEM32\USERENV.dll
0x00007ffc19c40000 - 0x00007ffc19c4c000 	C:\WINDOWS\SYSTEM32\CRYPTBASE.dll
0x00007ffc163d0000 - 0x00007ffc163d7000 	C:\WINDOWS\system32\wshunix.dll

JVMTI agents:
C:\Users\fchen\.gradle\wrapper\dists\gradle-8.13-bin\5xuhj0ry160q40clulazy9h7d\gradle-8.13\lib\agents\gradle-instrumentation-agent-8.13.jar path:D:\Android Studio\jbr\bin\instrument.dll, loaded, initialized, instrumentlib options:none

dbghelp: loaded successfully - version: 4.0.5 - missing functions: none
symbol engine: initialized successfully - sym options: 0x614 - pdb path: .;D:\Android Studio\jbr\bin;C:\WINDOWS\SYSTEM32;C:\WINDOWS\WinSxS\amd64_microsoft.windows.common-controls_6595b64144ccf1df_6.0.19041.6456_none_60b8a6cb71f64256;D:\Android Studio\jbr\bin\server;C:\Users\fchen\.gradle\native\1def1411415f61bf3af743bc5b6707747c0891f09f0c88961ee8f79bc544acac\windows-amd64;C:\Users\fchen\.gradle\native\0.2.7\x86_64-windows-gnu

VM Arguments:
jvm_args: --add-opens=java.base/java.lang=ALL-UNNAMED --add-opens=java.base/java.lang.invoke=ALL-UNNAMED --add-opens=java.base/java.util=ALL-UNNAMED --add-opens=java.prefs/java.util.prefs=ALL-UNNAMED --add-exports=jdk.compiler/com.sun.tools.javac.api=ALL-UNNAMED --add-exports=jdk.compiler/com.sun.tools.javac.util=ALL-UNNAMED --add-opens=java.base/java.util=ALL-UNNAMED --add-opens=java.prefs/java.util.prefs=ALL-UNNAMED --add-opens=java.base/java.nio.charset=ALL-UNNAMED --add-opens=java.base/java.net=ALL-UNNAMED --add-opens=java.base/java.util.concurrent.atomic=ALL-UNNAMED --add-opens=java.xml/javax.xml.namespace=ALL-UNNAMED -Xmx2048m -Dfile.encoding=UTF-8 -Duser.country=US -Duser.language=en -Duser.variant -javaagent:C:\Users\fchen\.gradle\wrapper\dists\gradle-8.13-bin\5xuhj0ry160q40clulazy9h7d\gradle-8.13\lib\agents\gradle-instrumentation-agent-8.13.jar 
java_command: org.gradle.launcher.daemon.bootstrap.GradleDaemon 8.13
java_class_path (initial): C:\Users\fchen\.gradle\wrapper\dists\gradle-8.13-bin\5xuhj0ry160q40clulazy9h7d\gradle-8.13\lib\gradle-daemon-main-8.13.jar
Launcher Type: SUN_STANDARD

[Global flags]
     intx CICompilerCount                          = 4                                         {product} {ergonomic}
     uint ConcGCThreads                            = 3                                         {product} {ergonomic}
     uint G1ConcRefinementThreads                  = 10                                        {product} {ergonomic}
   size_t G1HeapRegionSize                         = 1048576                                   {product} {ergonomic}
    uintx GCDrainStackTargetSize                   = 64                                        {product} {ergonomic}
   size_t InitialHeapSize                          = 268435456                                 {product} {ergonomic}
   size_t MarkStackSize                            = 4194304                                   {product} {ergonomic}
   size_t MaxHeapSize                              = 2147483648                                {product} {command line}
   size_t MaxNewSize                               = 1287651328                                {product} {ergonomic}
   size_t MinHeapDeltaBytes                        = 1048576                                   {product} {ergonomic}
   size_t MinHeapSize                              = 8388608                                   {product} {ergonomic}
    uintx NonNMethodCodeHeapSize                   = 5839372                                {pd product} {ergonomic}
    uintx NonProfiledCodeHeapSize                  = 122909434                              {pd product} {ergonomic}
    uintx ProfiledCodeHeapSize                     = 122909434                              {pd product} {ergonomic}
    uintx ReservedCodeCacheSize                    = 251658240                              {pd product} {ergonomic}
     bool SegmentedCodeCache                       = true                                      {product} {ergonomic}
   size_t SoftMaxHeapSize                          = 2147483648                             {manageable} {ergonomic}
     bool UseCompressedOops                        = true                           {product lp64_product} {ergonomic}
     bool UseG1GC                                  = true                                      {product} {ergonomic}
     bool UseLargePagesIndividualAllocation        = false                                  {pd product} {ergonomic}

Logging:
Log output configuration:
 #0: stdout all=warning uptime,level,tags foldmultilines=false
 #1: stderr all=off uptime,level,tags foldmultilines=false

Environment Variables:
PATH=D:\VMware\bin\;C:\Program Files\Common Files\Oracle\Java\javapath;C:\WINDOWS\system32;C:\WINDOWS;C:\WINDOWS\System32\Wbem;C:\WINDOWS\System32\WindowsPowerShell\v1.0\;C:\WINDOWS\System32\OpenSSH\;C:\Program Files\NVIDIA Corporation\NVIDIA App\NvDLISR;C:\Program Files (x86)\NVIDIA Corporation\PhysX\Common;C:\Program Files\nodejs\;C:\Program Files\Git\cmd;C:\Users\fchen\AppData\Local\Microsoft\WindowsApps;C:\Users\fchen\AppData\Local\Programs\Microsoft VS Code\bin;C:\Users\fchen\AppData\Roaming\npm
USERNAME=fchen
OS=Windows_NT
PROCESSOR_IDENTIFIER=AMD64 Family 23 Model 8 Stepping 2, AuthenticAMD
TMP=C:\Users\fchen\AppData\Local\Temp
TEMP=C:\Users\fchen\AppData\Local\Temp




Periodic native trim disabled

JNI global refs:
JNI global refs: 27, weak refs: 0

JNI global refs memory usage: 835, weak refs: 833

Process memory usage:
Resident Set Size: 423868K (2% of 16700988K total physical memory with 916440K free physical memory)

OOME stack traces (most recent first):
Classloader memory used:
Loader org.gradle.internal.classloader.VisitableURLClassLoader                         : 40289K
Loader bootstrap                                                                       : 27466K
Loader org.gradle.internal.classloader.VisitableURLClassLoader$InstrumentingVisitableURLClassLoader: 15797K
Loader org.gradle.initialization.MixInLegacyTypesClassLoader                           : 12043K
Loader jdk.internal.loader.ClassLoaders$PlatformClassLoader                            : 507K
Loader jdk.internal.reflect.DelegatingClassLoader                                      : 261K
Loader jdk.internal.loader.ClassLoaders$AppClassLoader                                 : 235K
Loader org.gradle.internal.classloader.VisitableURLClassLoader                         : 172K
Loader org.gradle.groovy.scripts.internal.DefaultScriptCompilationHandler$ScriptClassLoader: 124K
Loader org.codehaus.groovy.runtime.callsite.CallSiteClassLoader                        : 17296B

Classes loaded by more than one classloader:
Class Program                                                                         : loaded 5 times (x 72B)
Class Build_gradle                                                                    : loaded 3 times (x 130B)
Class Build_gradle$1                                                                  : loaded 3 times (x 74B)
Class org.gradle.internal.classloader.FilteringClassLoader                            : loaded 2 times (x 105B)
Class com.google.common.base.CharMatcher$IsEither                                     : loaded 2 times (x 111B)
Class org.gradle.internal.classloader.ClassLoaderHierarchy                            : loaded 2 times (x 70B)
Class com.google.common.collect.ImmutableEnumSet                                      : loaded 2 times (x 146B)
Class com.google.common.util.concurrent.ExecutionError                                : loaded 2 times (x 82B)
Class com.google.common.collect.ImmutableList$1                                       : loaded 2 times (x 97B)
Class org.gradle.api.internal.classpath.ManifestUtil                                  : loaded 2 times (x 71B)
Class com.google.common.collect.RegularImmutableMap                                   : loaded 2 times (x 121B)
Class com.google.common.collect.ImmutableMap$MapViewOfValuesAsSingletonSets           : loaded 2 times (x 126B)
Class [Lorg.objectweb.asm.Symbol;                                                     : loaded 2 times (x 69B)
Class org.objectweb.asm.ClassVisitor                                                  : loaded 2 times (x 88B)
Class com.google.common.collect.UnmodifiableListIterator                              : loaded 2 times (x 95B)
Class org.objectweb.asm.MethodTooLargeException                                       : loaded 2 times (x 83B)
Class [Lcom.google.common.cache.CacheBuilder$OneWeigher;                              : loaded 2 times (x 69B)
Class com.google.common.base.Suppliers                                                : loaded 2 times (x 71B)
Class org.gradle.internal.classloader.DefaultClassLoaderFactory                       : loaded 2 times (x 82B)
Class org.gradle.internal.classloader.ClassLoaderVisitor                              : loaded 2 times (x 76B)
Class [Lcom.google.common.collect.ImmutableMapEntry;                                  : loaded 2 times (x 69B)
Class org.gradle.api.internal.classpath.EffectiveClassPath                            : loaded 2 times (x 90B)
Class com.google.common.collect.ImmutableRangeSet                                     : loaded 2 times (x 115B)
Class com.google.common.collect.ListMultimap                                          : loaded 2 times (x 70B)
Class com.google.common.collect.ImmutableEnumMap                                      : loaded 2 times (x 126B)
Class ijJvmDebugger1_1ti2107goue6kdy5yphdqx38$_run_closure1$_closure2                 : loaded 2 times (x 140B)
Class com.google.common.collect.Sets$1                                                : loaded 2 times (x 139B)
Class org.objectweb.asm.AnnotationVisitor                                             : loaded 2 times (x 78B)
Class org.gradle.api.internal.DefaultClassPathProvider                                : loaded 2 times (x 76B)
Class com.google.common.collect.Sets$2                                                : loaded 2 times (x 139B)
Class [Lorg.gradle.api.internal.ClassPathProvider;                                    : loaded 2 times (x 69B)
Class org.gradle.api.internal.ClassPathProvider                                       : loaded 2 times (x 70B)
Class [Lorg.objectweb.asm.AnnotationVisitor;                                          : loaded 2 times (x 69B)
Class com.google.common.collect.Sets$3                                                : loaded 2 times (x 139B)
Class com.google.common.util.concurrent.AbstractFuture$SafeAtomicHelper               : loaded 2 times (x 79B)
Class com.google.common.cache.LocalCache$LocalLoadingCache                            : loaded 2 times (x 134B)
Class org.gradle.internal.service.UnknownServiceException                             : loaded 2 times (x 83B)
Class com.google.common.collect.Sets$4                                                : loaded 2 times (x 139B)
Class org.objectweb.asm.ModuleVisitor                                                 : loaded 2 times (x 81B)
Class com.google.common.cache.LocalCache$Strength$1                                   : loaded 2 times (x 81B)
Class com.google.common.util.concurrent.SettableFuture                                : loaded 2 times (x 114B)
Class com.google.common.cache.LocalCache$Strength$2                                   : loaded 2 times (x 81B)
Class com.google.common.cache.LocalCache$Strength$3                                   : loaded 2 times (x 81B)
Class com.google.common.collect.MapDifference                                         : loaded 2 times (x 70B)
Class org.objectweb.asm.FieldWriter                                                   : loaded 2 times (x 78B)
Class com.google.common.cache.CacheBuilder$NullListener                               : loaded 2 times (x 82B)
Class org.gradle.internal.classpath.TransformedClassPath                              : loaded 2 times (x 96B)
Class org.gradle.internal.classloader.InstrumentingClassLoader                        : loaded 2 times (x 70B)
Class com.google.common.collect.ImmutableRangeSet$AsSet                               : loaded 2 times (x 300B)
Class com.google.common.cache.CacheLoader$FunctionToCacheLoader                       : loaded 2 times (x 75B)
Class com.google.common.collect.Iterators$ArrayItr                                    : loaded 2 times (x 97B)
Class com.google.common.collect.ImmutableCollection$Builder                           : loaded 2 times (x 76B)
Class com.google.common.base.Joiner                                                   : loaded 2 times (x 79B)
Class com.google.common.base.MoreObjects                                              : loaded 2 times (x 71B)
Class com.google.common.collect.Platform                                              : loaded 2 times (x 71B)
Class [Lorg.objectweb.asm.Type;                                                       : loaded 2 times (x 69B)
Class com.google.common.collect.UnmodifiableIterator                                  : loaded 2 times (x 80B)
Class org.gradle.internal.service.ServiceLocator                                      : loaded 2 times (x 70B)
Class com.google.common.base.Ascii                                                    : loaded 2 times (x 71B)
Class com.google.common.collect.SingletonImmutableBiMap                               : loaded 2 times (x 143B)
Class com.google.common.cache.LocalCache$1                                            : loaded 2 times (x 89B)
Class com.google.common.collect.AbstractMapEntry                                      : loaded 2 times (x 81B)
Class com.google.common.collect.ImmutableList$Builder                                 : loaded 2 times (x 77B)
Class com.google.common.collect.AbstractMultimap                                      : loaded 2 times (x 123B)
Class com.google.common.cache.LocalCache$2                                            : loaded 2 times (x 142B)
Class com.google.common.collect.ImmutableRangeSet$1                                   : loaded 2 times (x 210B)
Class com.google.common.util.concurrent.AbstractFuture$UnsafeAtomicHelper$1           : loaded 2 times (x 76B)
Class com.google.common.collect.RegularImmutableAsList                                : loaded 2 times (x 217B)
Class com.google.common.collect.Range                                                 : loaded 2 times (x 87B)
Class com.google.common.util.concurrent.AbstractFuture$Trusted                        : loaded 2 times (x 70B)
Class com.google.common.collect.Iterators                                             : loaded 2 times (x 71B)
Class com.google.common.collect.Lists$StringAsImmutableList                           : loaded 2 times (x 207B)
Class com.google.common.util.concurrent.UncheckedExecutionException                   : loaded 2 times (x 82B)
Class org.gradle.kotlin.dsl.VersionCatalogAccessorsKt                                 : loaded 2 times (x 71B)
Class org.gradle.internal.InternalTransformer                                         : loaded 2 times (x 70B)
Class org.objectweb.asm.ClassWriter                                                   : loaded 2 times (x 106B)
Class com.google.common.cache.CacheLoader$UnsupportedLoadingOperationException        : loaded 2 times (x 82B)
Class com.google.common.base.CharMatcher$And                                          : loaded 2 times (x 112B)
Class org.gradle.internal.classloader.ClasspathUtil$1                                 : loaded 2 times (x 76B)
Class org.objectweb.asm.FieldVisitor                                                  : loaded 2 times (x 77B)
Class com.google.common.collect.IndexedImmutableSet                                   : loaded 2 times (x 152B)
Class com.google.common.collect.ImmutableMap$1                                        : loaded 2 times (x 81B)
Class com.google.common.collect.BiMap                                                 : loaded 2 times (x 70B)
Class org.gradle.api.internal.classpath.DefaultModuleRegistry$DefaultModule           : loaded 2 times (x 86B)
Class com.google.common.primitives.Ints                                               : loaded 2 times (x 71B)
Class com.google.common.collect.AbstractIterator                                      : loaded 2 times (x 82B)
Class com.google.common.collect.ObjectArrays                                          : loaded 2 times (x 71B)
Class com.google.common.collect.Multiset                                              : loaded 2 times (x 70B)
Class com.google.common.collect.RegularImmutableMap$KeySet                            : loaded 2 times (x 152B)
Class com.google.common.collect.AbstractIndexedListIterator                           : loaded 2 times (x 96B)
Class com.google.common.math.MathPreconditions                                        : loaded 2 times (x 71B)
Class com.google.common.collect.ImmutableMapEntrySet                                  : loaded 2 times (x 152B)
Class org.gradle.api.internal.classpath.Module                                        : loaded 2 times (x 70B)
Class com.google.common.cache.Weigher                                                 : loaded 2 times (x 70B)
Class org.gradle.api.internal.classpath.UnknownModuleException                        : loaded 2 times (x 82B)
Class com.google.common.base.Stopwatch                                                : loaded 2 times (x 72B)
Class com.google.common.cache.LocalCache$Strength                                     : loaded 2 times (x 81B)
Class com.google.common.cache.Cache                                                   : loaded 2 times (x 70B)
Class com.google.common.util.concurrent.AbstractFuture$Cancellation                   : loaded 2 times (x 72B)
Class com.google.common.collect.ImmutableMap$Builder                                  : loaded 2 times (x 82B)
Class com.google.common.cache.RemovalListener                                         : loaded 2 times (x 70B)
Class org.gradle.api.internal.DefaultClassPathRegistry                                : loaded 2 times (x 76B)
Class com.google.common.primitives.IntsMethodsForWeb                                  : loaded 2 times (x 71B)
Class com.google.common.collect.Multimap                                              : loaded 2 times (x 70B)
Class org.gradle.api.internal.ClassPathRegistry                                       : loaded 2 times (x 70B)
Class org.gradle.internal.classpath.DefaultClassPath$ImmutableUniqueList              : loaded 2 times (x 199B)
Class com.google.common.base.Equivalence$Identity                                     : loaded 2 times (x 82B)
Class com.google.common.cache.CacheBuilder                                            : loaded 2 times (x 72B)
Class com.google.common.collect.SingletonImmutableList                                : loaded 2 times (x 207B)
Class Settings_gradle$1                                                               : loaded 2 times (x 74B)
Class org.gradle.internal.classpath.ClassPath                                         : loaded 2 times (x 70B)
Class org.gradle.api.UncheckedIOException                                             : loaded 2 times (x 82B)
Class com.google.common.collect.ImmutableList$ReverseImmutableList                    : loaded 2 times (x 209B)
Class org.objectweb.asm.SymbolTable$Entry                                             : loaded 2 times (x 74B)
Class com.google.common.util.concurrent.AbstractFuture$AtomicHelper                   : loaded 2 times (x 78B)
Class org.objectweb.asm.Edge                                                          : loaded 2 times (x 72B)
Class com.google.common.base.Suppliers$SupplierOfInstance                             : loaded 2 times (x 79B)
Class com.google.common.collect.Iterators$1                                           : loaded 2 times (x 81B)
Class com.google.common.cache.LocalCache$ComputingValueReference                      : loaded 2 times (x 96B)
Class com.google.common.collect.SingletonImmutableSet                                 : loaded 2 times (x 146B)
Class com.google.common.collect.ImmutableMap$IteratorBasedImmutableMap                : loaded 2 times (x 126B)
Class com.google.common.cache.LocalCache$Segment                                      : loaded 2 times (x 154B)
Class com.google.common.collect.SortedIterable                                        : loaded 2 times (x 70B)
Class com.google.common.collect.AbstractListMultimap                                  : loaded 2 times (x 172B)
Class [Lorg.objectweb.asm.SymbolTable$Entry;                                          : loaded 2 times (x 69B)
Class com.google.common.cache.CacheLoader                                             : loaded 2 times (x 74B)
Class com.google.common.collect.Iterators$4                                           : loaded 2 times (x 82B)
Class com.google.common.collect.ImmutableBiMap                                        : loaded 2 times (x 143B)
Class org.gradle.internal.installation.GradleInstallation$1                           : loaded 2 times (x 75B)
Class org.gradle.api.internal.classpath.ModuleRegistry                                : loaded 2 times (x 70B)
Class com.google.common.util.concurrent.internal.InternalFutureFailureAccess          : loaded 2 times (x 72B)
Class com.google.common.collect.Iterators$5                                           : loaded 2 times (x 82B)
Class com.google.common.collect.ImmutableSet$JdkBackedSetBuilderImpl                  : loaded 2 times (x 76B)
Class com.google.common.util.concurrent.AbstractFuture$UnsafeAtomicHelper             : loaded 2 times (x 78B)
Class com.google.common.cache.LocalCache$LocalManualCache$1                           : loaded 2 times (x 75B)
Class com.google.common.base.CharMatcher$ForPredicate                                 : loaded 2 times (x 112B)
Class com.google.common.base.CharMatcher$AnyOf                                        : loaded 2 times (x 112B)
Class com.google.common.collect.ImmutableCollection                                   : loaded 2 times (x 125B)
Class org.gradle.api.internal.classpath.DefaultModuleRegistry                         : loaded 2 times (x 86B)
Class com.google.common.collect.Lists                                                 : loaded 2 times (x 71B)
Class com.google.common.util.concurrent.ListenableFuture                              : loaded 2 times (x 70B)
Class com.google.common.cache.ReferenceEntry                                          : loaded 2 times (x 70B)
Class com.google.common.base.Converter                                                : loaded 2 times (x 90B)
Class com.google.common.collect.ImmutableSet$CachingAsList                            : loaded 2 times (x 148B)
Class com.google.common.collect.AbstractMapBasedMultimap                              : loaded 2 times (x 139B)
Class com.google.common.util.concurrent.AbstractFuture                                : loaded 2 times (x 106B)
Class com.google.common.base.FunctionalEquivalence                                    : loaded 2 times (x 83B)
Class com.google.common.collect.Iterators$9                                           : loaded 2 times (x 81B)
Class com.google.common.collect.ImmutableAsList                                       : loaded 2 times (x 209B)
Class org.objectweb.asm.RecordComponentVisitor                                        : loaded 2 times (x 77B)
Class com.google.common.cache.CacheLoader$SupplierToCacheLoader                       : loaded 2 times (x 75B)
Class com.google.common.collect.Maps$EntryTransformer                                 : loaded 2 times (x 70B)
Class org.gradle.internal.service.ServiceLookupException                              : loaded 2 times (x 82B)
Class com.google.common.collect.ImmutableSortedSet                                    : loaded 2 times (x 300B)
Class [Lcom.google.common.cache.LocalCache$EntryFactory;                              : loaded 2 times (x 69B)
Class org.gradle.internal.classloader.ClassLoaderFactory                              : loaded 2 times (x 70B)
Class com.google.common.cache.LocalCache$LocalManualCache                             : loaded 2 times (x 99B)
Class com.google.common.base.CharMatcher$IsNot                                        : loaded 2 times (x 111B)
Class org.gradle.internal.service.CachingServiceLocator                               : loaded 2 times (x 82B)
Class com.google.common.collect.RegularImmutableSortedSet                             : loaded 2 times (x 300B)
Class com.google.common.math.IntMath                                                  : loaded 2 times (x 71B)
Class com.google.common.collect.ImmutableMapEntry                                     : loaded 2 times (x 85B)
Class com.google.common.base.Equivalence                                              : loaded 2 times (x 82B)
Class com.google.common.base.Function                                                 : loaded 2 times (x 70B)
Class com.google.common.collect.ImmutableMapEntry$NonTerminalImmutableMapEntry        : loaded 2 times (x 85B)
Class ijKotlinCoroutineJvmDebugInit1_755a2ualu9gipc9kag5yc68ht                        : loaded 2 times (x 179B)
Class com.google.common.cache.CacheBuilder$OneWeigher                                 : loaded 2 times (x 82B)
Class com.google.common.collect.RegularImmutableList                                  : loaded 2 times (x 213B)
Class org.gradle.internal.classloader.ClasspathUtil                                   : loaded 2 times (x 71B)
Class com.google.common.base.Charsets                                                 : loaded 2 times (x 71B)
Class com.google.common.util.concurrent.Uninterruptibles                              : loaded 2 times (x 71B)
Class com.google.common.collect.Maps                                                  : loaded 2 times (x 71B)
Class org.gradle.api.specs.Spec                                                       : loaded 2 times (x 70B)
Class [Lcom.google.common.collect.ImmutableEntry;                                     : loaded 2 times (x 69B)
Class com.google.common.cache.LocalCache$LoadingValueReference                        : loaded 2 times (x 96B)
Class com.google.common.collect.ArrayListMultimapGwtSerializationDependencies         : loaded 2 times (x 172B)
Class [Lorg.objectweb.asm.AnnotationWriter;                                           : loaded 2 times (x 69B)
Class com.google.common.collect.Maps$8                                                : loaded 2 times (x 82B)
Class com.google.common.collect.ImmutableRangeSet$Builder                             : loaded 2 times (x 77B)
Class com.google.common.collect.Sets$SetView                                          : loaded 2 times (x 138B)
Class com.google.common.cache.LocalCache$StrongValueReference                         : loaded 2 times (x 90B)
Class com.google.common.util.concurrent.AbstractFuture$SynchronizedHelper             : loaded 2 times (x 78B)
Class org.objectweb.asm.Type                                                          : loaded 2 times (x 72B)
Class org.gradle.internal.classloader.VisitableURLClassLoader$InstrumentingVisitableURLClassLoader: loaded 2 times (x 123B)
Class org.objectweb.asm.ByteVector                                                    : loaded 2 times (x 79B)
Class [Lcom.google.common.cache.CacheBuilder$NullListener;                            : loaded 2 times (x 69B)
Class com.google.common.math.IntMath$1                                                : loaded 2 times (x 71B)
Class org.gradle.internal.classloader.VisitableURLClassLoader$Spec                    : loaded 2 times (x 74B)
Class org.gradle.internal.classpath.DefaultClassPath                                  : loaded 2 times (x 90B)
Class org.objectweb.asm.Symbol                                                        : loaded 2 times (x 73B)
Class com.google.common.base.CharMatcher$Ascii                                        : loaded 2 times (x 112B)
Class com.google.common.base.CharMatcher$BitSetMatcher                                : loaded 2 times (x 112B)
Class com.google.common.collect.RegularImmutableMap$Values                            : loaded 2 times (x 207B)
Class com.google.common.collect.ImmutableSet                                          : loaded 2 times (x 145B)
Class org.gradle.internal.classloader.ClassLoaderSpec                                 : loaded 2 times (x 71B)
Class org.objectweb.asm.AnnotationWriter                                              : loaded 2 times (x 79B)
Class com.google.common.cache.CacheStats                                              : loaded 2 times (x 71B)
Class org.objectweb.asm.RecordComponentWriter                                         : loaded 2 times (x 78B)
Class com.google.common.util.concurrent.AbstractFuture$Listener                       : loaded 2 times (x 72B)
Class com.google.common.base.CharMatcher$Or                                           : loaded 2 times (x 112B)
Class Settings_gradle$1$1                                                             : loaded 2 times (x 74B)
Class org.objectweb.asm.Attribute                                                     : loaded 2 times (x 77B)
Class com.google.common.base.Supplier                                                 : loaded 2 times (x 70B)
Class org.gradle.internal.classloader.VisitableURLClassLoader                         : loaded 2 times (x 117B)
Class com.google.common.util.concurrent.AbstractFuture$Waiter                         : loaded 2 times (x 72B)
Class Settings_gradle                                                                 : loaded 2 times (x 128B)
Class org.gradle.internal.Cast                                                        : loaded 2 times (x 71B)
Class org.gradle.api.Action                                                           : loaded 2 times (x 70B)
Class com.google.common.collect.Sets                                                  : loaded 2 times (x 71B)
Class org.objectweb.asm.Handler                                                       : loaded 2 times (x 72B)
Class com.google.common.base.Ticker                                                   : loaded 2 times (x 72B)
Class com.google.common.base.CharMatcher$FastMatcher                                  : loaded 2 times (x 111B)
Class [Lcom.google.common.cache.LocalCache$Segment;                                   : loaded 2 times (x 69B)
Class [Lcom.google.common.cache.LocalCache$Strength;                                  : loaded 2 times (x 69B)
Class com.google.common.cache.CacheBuilder$1                                          : loaded 2 times (x 85B)
Class com.google.common.base.Predicate                                                : loaded 2 times (x 70B)
Class com.google.common.collect.ImmutableMap                                          : loaded 2 times (x 120B)
Class org.gradle.internal.classpath.DefaultClassPath$ImmutableUniqueList$Builder      : loaded 2 times (x 75B)
Class com.google.common.collect.AbstractRangeSet                                      : loaded 2 times (x 114B)
Class com.google.common.cache.LocalCache                                              : loaded 2 times (x 187B)
Class com.google.common.cache.CacheBuilder$2                                          : loaded 2 times (x 79B)
Class com.google.common.base.CharMatcher$NegatedFastMatcher                           : loaded 2 times (x 113B)
Class com.google.common.collect.ArrayListMultimap                                     : loaded 2 times (x 172B)
Class com.google.common.cache.CacheBuilder$3                                          : loaded 2 times (x 72B)
Class [Lcom.google.common.collect.AbstractMapEntry;                                   : loaded 2 times (x 69B)
Class com.google.common.collect.ImmutableEntry                                        : loaded 2 times (x 82B)
Class org.gradle.api.GradleException                                                  : loaded 2 times (x 82B)
Class com.google.common.collect.CollectPreconditions                                  : loaded 2 times (x 71B)
Class com.google.common.collect.SortedMapDifference                                   : loaded 2 times (x 70B)
Class com.google.common.cache.LocalCache$EntryFactory                                 : loaded 2 times (x 83B)
Class com.google.common.cache.LocalCache$AbstractReferenceEntry                       : loaded 2 times (x 107B)
Class org.gradle.internal.IoActions                                                   : loaded 2 times (x 71B)
Class com.google.common.collect.ImmutableRangeSet$ComplementRanges                    : loaded 2 times (x 207B)
Class org.objectweb.asm.SymbolTable                                                   : loaded 2 times (x 72B)
Class com.google.common.cache.CacheLoader$InvalidCacheLoadException                   : loaded 2 times (x 82B)
Class com.google.common.collect.ImmutableSet$RegularSetBuilderImpl                    : loaded 2 times (x 77B)
Class org.gradle.internal.classloader.SystemClassLoaderSpec                           : loaded 2 times (x 71B)
Class com.google.common.cache.LocalCache$StrongEntry                                  : loaded 2 times (x 108B)
Class com.google.common.util.concurrent.AbstractFuture$TrustedFuture                  : loaded 2 times (x 114B)
Class com.google.common.cache.LoadingCache                                            : loaded 2 times (x 70B)
Class org.objectweb.asm.MethodWriter                                                  : loaded 2 times (x 106B)
Class [Lcom.google.common.cache.Weigher;                                              : loaded 2 times (x 69B)
Class com.google.common.collect.RegularImmutableMap$BucketOverflowException           : loaded 2 times (x 82B)
Class com.google.common.collect.RegularImmutableBiMap                                 : loaded 2 times (x 149B)
Class com.google.common.cache.LocalCache$ValueReference                               : loaded 2 times (x 70B)
Class com.google.common.base.CharMatcher$Negated                                      : loaded 2 times (x 113B)
Class com.google.common.base.CharMatcher$Is                                           : loaded 2 times (x 111B)
Class com.google.common.util.concurrent.AbstractFuture$Failure                        : loaded 2 times (x 72B)
Class com.google.common.base.Equivalence$Equals                                       : loaded 2 times (x 82B)
Class com.google.common.collect.Hashing                                               : loaded 2 times (x 71B)
Class com.google.common.base.Preconditions                                            : loaded 2 times (x 71B)
Class ijJvmDebugger1_1ti2107goue6kdy5yphdqx38                                         : loaded 2 times (x 179B)
Class com.google.common.base.Joiner$1                                                 : loaded 2 times (x 80B)
Class org.objectweb.asm.Label                                                         : loaded 2 times (x 73B)
Class org.objectweb.asm.CurrentFrame                                                  : loaded 2 times (x 73B)
Class org.objectweb.asm.ClassTooLargeException                                        : loaded 2 times (x 83B)
Class com.google.common.base.CharMatcher                                              : loaded 2 times (x 111B)
Class com.google.common.collect.PeekingIterator                                       : loaded 2 times (x 70B)
Class com.google.common.collect.RangeGwtSerializationDependencies                     : loaded 2 times (x 71B)
Class com.google.common.base.Joiner$2                                                 : loaded 2 times (x 79B)
Class org.objectweb.asm.Frame                                                         : loaded 2 times (x 73B)
Class org.objectweb.asm.MethodVisitor                                                 : loaded 2 times (x 105B)
Class com.google.common.cache.LocalCache$EntryFactory$1                               : loaded 2 times (x 83B)
Class [Lcom.google.common.cache.RemovalListener;                                      : loaded 2 times (x 69B)
Class com.google.common.base.CharMatcher$NamedFastMatcher                             : loaded 2 times (x 112B)
Class com.google.common.base.CharMatcher$1                                            : loaded 2 times (x 113B)
Class ijKotlinCoroutineJvmDebugInit1_755a2ualu9gipc9kag5yc68ht$_run_closure1          : loaded 2 times (x 139B)
Class com.google.common.collect.RangeSet                                              : loaded 2 times (x 70B)
Class com.google.common.cache.LocalCache$EntryFactory$2                               : loaded 2 times (x 83B)
Class org.gradle.api.internal.classpath.GlobalCacheRootsProvider                      : loaded 2 times (x 70B)
Class com.google.common.collect.CollectCollectors                                     : loaded 2 times (x 71B)
Class org.objectweb.asm.ModuleWriter                                                  : loaded 2 times (x 82B)
Class com.google.common.cache.LocalCache$EntryFactory$3                               : loaded 2 times (x 83B)
Class com.google.common.base.Ticker$1                                                 : loaded 2 times (x 72B)
Class com.google.common.collect.Maps$BiMapConverter                                   : loaded 2 times (x 90B)
Class com.google.common.collect.ImmutableMapEntrySet$RegularEntrySet                  : loaded 2 times (x 152B)
Class com.google.common.cache.LocalCache$EntryFactory$4                               : loaded 2 times (x 83B)
Class com.google.common.base.CharMatcher$InRange                                      : loaded 2 times (x 111B)
Class com.google.common.collect.ImmutableSet$Builder                                  : loaded 2 times (x 85B)
Class com.google.common.cache.LocalCache$EntryFactory$5                               : loaded 2 times (x 83B)
Class com.google.common.base.PairwiseEquivalence                                      : loaded 2 times (x 83B)
Class com.google.common.cache.LocalCache$EntryFactory$6                               : loaded 2 times (x 83B)
Class org.gradle.internal.installation.CurrentGradleInstallationLocator               : loaded 2 times (x 71B)
Class com.google.common.cache.LocalCache$EntryFactory$7                               : loaded 2 times (x 83B)
Class com.google.common.collect.ImmutableSet$EmptySetBuilderImpl                      : loaded 2 times (x 76B)
Class com.google.common.collect.ImmutableList                                         : loaded 2 times (x 206B)
Class org.gradle.internal.service.DefaultServiceLocator                               : loaded 2 times (x 83B)
Class com.google.common.cache.LocalCache$EntryFactory$8                               : loaded 2 times (x 83B)
Class com.google.common.collect.ImmutableSet$SetBuilderImpl                           : loaded 2 times (x 76B)
Class org.gradle.internal.installation.CurrentGradleInstallation                      : loaded 2 times (x 73B)
Class com.google.common.cache.CacheLoader$1                                           : loaded 2 times (x 75B)
Class com.google.common.collect.ImmutableList$SubList                                 : loaded 2 times (x 209B)
Class org.gradle.util.internal.GUtil                                                  : loaded 2 times (x 71B)
Class com.google.common.util.concurrent.AbstractFuture$SetFuture                      : loaded 2 times (x 75B)
Class com.google.common.cache.AbstractCache$StatsCounter                              : loaded 2 times (x 70B)
Class com.google.common.collect.Iterators$MergingIterator                             : loaded 2 times (x 81B)
Class com.google.common.collect.RegularImmutableSet                                   : loaded 2 times (x 149B)
Class ijKotlinCoroutineJvmDebugInit1_755a2ualu9gipc9kag5yc68ht$_run_closure1$_closure2: loaded 2 times (x 139B)
Class org.gradle.internal.installation.GradleInstallation                             : loaded 2 times (x 75B)
Class com.google.common.collect.Iterables                                             : loaded 2 times (x 71B)
Class ijJvmDebugger1_1ti2107goue6kdy5yphdqx38$_run_closure1                           : loaded 2 times (x 139B)

---------------  S Y S T E M  ---------------

OS:
 Windows 10 , 64 bit Build 19041 (10.0.19041.5915)
OS uptime: 1 days 11:03 hours

CPU: total 12 (initial active 12) (12 cores per cpu, 2 threads per core) family 23 model 8 stepping 2 microcode 0x0, cx8, cmov, fxsr, ht, mmx, 3dnowpref, sse, sse2, sse3, ssse3, sse4a, sse4.1, sse4.2, popcnt, lzcnt, tsc, tscinvbit, avx, avx2, aes, clmul, bmi1, bmi2, adx, sha, fma, vzeroupper, clflush, clflushopt, rdtscp, f16c
Processor Information for the first 12 processors :
  Max Mhz: 3400, Current Mhz: 3400, Mhz Limit: 3400

Memory: 4k page, system-wide physical 16309M (894M free)
TotalPageFile size 21429M (AvailPageFile size 29M)
current process WorkingSet (physical memory assigned to process): 413M, peak: 413M
current process commit charge ("private bytes"): 453M, peak: 484M

vm_info: OpenJDK 64-Bit Server VM (21.0.8+-14196175-b1038.72) for windows-amd64 JRE (21.0.8+-14196175-b1038.72), built on 2025-10-01T10:24:33Z by "builder" with MS VC++ 16.10 / 16.11 (VS2019)

END.
